image,lol_of_genrated_response,lol_of_original_response
<PIL.JpegImagePlugin.JpegImageFile image mode=RGB size=500x375 at 0x7CBB9D9FF6E0>,"[['A toddler is sitting on the floor, smiling and wearing a red Elmo costume while holding a red ukulele.'], ['A little girl wearing an Elmo costume sits on the floor playing a red guitar.'], ['A young girl dressed as Elmo smiles as she plays a small guitar.'], ['A child in an Elmo costume playing a red guitar.'], ['A child in a red Elmo costume plays the guitar.']]","[['The baby his a Cookie Monster outfit on he is happy he his a Gutter its red'], ['""A child wearing a shirt decorated with Elmo\'s face holds a red ukulele."", \'A toddler wearing an Elmo Christmas outfit holds a red guitar.'], ['A child wearing a santa elmo suit holding a red guitar.'], ['A child in a Elmo suit is playing the guitar.']]"
<PIL.JpegImagePlugin.JpegImageFile image mode=RGB size=500x375 at 0x7CBB9DB5D940>,"[['A man in black pants and no shirt jumping up in a fountain.'], ['A shirtless man jumps in the air in the middle of a fountain'], ['A man in a blue shirt jumps through a water fountain.'], ['A man is jumping into a fountain while people watch.'], ['A man jumps up into a water fountain.']]","[['A man without a shirt runs through water spraying out of a large silver dome.'], ['A group of people are standing around a water fountain getting wet.'], ['People playing outside near a water fountain getting wet.'], ['A large crowd plays in and around a fountain.'], ['Sprinkler goes off in the middle of a crowd.']]"
<PIL.JpegImagePlugin.JpegImageFile image mode=RGB size=500x315 at 0x7CBB9D315E50>,"[['A little girl in a blue dress is reaching for bubbles while a woman in a blue shirt looks on.'], ['A young girl wearing a blue dress is trying to grab bubbles while a woman watches her.'], ['A little girl in a blue dress reaching for bubbles while a woman looks on.'], ['A young girl is playing with bubbles.'], ['A little girl chasing bubbles.']]","[['A young woman in a blue shirt stands, holding a young girl in a denim dress.'], ['There is a woman holding her baby daughter while the daughter claps.'], ['A woman with holding a young girl playing with bubbles at a picnic.'], ['A woman is holding a little girl who is trying to catch bubbles.'], ['A lady holds a little girl who is trying to catch bubbles.']]"
<PIL.JpegImagePlugin.JpegImageFile image mode=RGB size=500x332 at 0x7CBB9D7870B0>,"[['A woman with sunglasses, a t-shirt, shorts, and green sneakers is running on a dirt road surrounded by trees.'], ['A woman wearing a flowered shirt is jogging on a gravel road with mountains and trees in the background.'], ['A female runner is jogging down a dirt road with mountains and trees in the background.'], ['A woman is running down a dirt road surrounded by mountains.'], ['A woman is running on a dirt path with a mountain behind her']]","[['A woman is walking down a trail with tall grass and a mountain in the background.'], ['A hiker jogs down a rocky road while blue skies and mountains cross the horizon.'], ['Woman jogging down a mountain trail with mountains in the background.'], ['A woman in yellow shir and black shorts is running along.'], ['A female runner running alone near a mountain.']]"
<PIL.JpegImagePlugin.JpegImageFile image mode=RGB size=332x500 at 0x7CBB9D9C8050>,"[['A crowd of people watching a black bear from the ground up.'], ['People looking up at a black bear on a platform.'], ['A crowd of people look up at a bear on a stage.'], ['A crowd of people looking up at a gorilla.'], ['People look up at a gorilla.']]","[['A large black gorilla peers down at a group of young people from above while the peer inside his enclosure from below.'], ['A group of young people stand in front of and touch a black, rusting metal structure.'], ['The stuffed gorilla is laying on top of the stack of speakers.'], ['Young people stand underneath a large stuffed gorilla.'], ['People stand in front of a black wooden contraption.']]"
<PIL.JpegImagePlugin.JpegImageFile image mode=RGB size=500x335 at 0x7CBB9DDD86E0>,"[['A group of people are playing musical instruments on a stage.'], ['A band plays at a ""Entertainment"" event.'], ['A band plays at an entertainment event.'], ['A band plays at a entertainment event.'], ['A band performing under a tent.']]","[['A band with four members, one female, plays for a small audience.'], ['A woman in a blue dress sings while her bandmates play instruments.'], ['A 5-person band is performing on a stage inside a tent.'], ['A musical quintet are performing at a festival.'], ['Three men and one woman in a band on a stage.']]"
<PIL.JpegImagePlugin.JpegImageFile image mode=RGB size=500x333 at 0x7CBB9DD57F50>,"[['Two young men, one holding a guitar, sitting at a table with their laptops.'], ['Two men sitting in front of their computers while one smokes a cigarette.'], ['Two men are using computers with a guitar in between them.'], ['Two men sit at a table using laptops.'], ['Two men working on computers.']]","[['A man holding guitar and works at an Asus betbook, whilst another man works an Apple netbook beside him.'], ['Two men seated, one holding a guitar, looking at laptop computer screens.'], ['Two men looking at little white laptops and holding a guitar.'], ['Two men working on there apple laptops.'], ['Two men are using their laptops.']]"
<PIL.JpegImagePlugin.JpegImageFile image mode=RGB size=500x335 at 0x7CBB9D42B2C0>,"[['A man dressed in a suit is walking away from a gray box that has a clear glass wall.'], ['A man in a suit walks past a gray structure with a window on a street.'], ['A man in a suit walking past a small glass building.'], ['A man in a suit walks by a glass structure.'], ['A man in a suit walks past a glass box.']]","[['A man wearing a suit walks next to a building support column with palm trees in the background.'], ['An interesting square is surrounded by people commuting to their desired destinations.'], ['In a modern building, employees cross paths with the janitor with an orange trashcan.'], ['The outside of a business is shown with a trashcan and four people walking around.'], ['Several people walk past a mirrored pillar in a public concourse.']]"
<PIL.JpegImagePlugin.JpegImageFile image mode=RGB size=500x375 at 0x7CBB9DE60740>,"[['A man wearing a brown shirt and jeans is standing in front of a light while a man in a plaid suit with a clown mask on plays an electric guitar and a man in a black shirt and black pants plays an electric guitar.'], ['A man in a brown shirt and jeans plays an instrument with other musicians.'], ['A man in a brown shirt is playing a musical instrument on stage.'], ['A man in a brown shirt playing a guitar on stage with others.'], ['A man is playing the guitar in front of a microphone.']]","[['A man in a plaid suit and clown makeup plays guitar, while a man in a brown shirt head bangs and a woman plays bass in the background.'], ['A band consisting of a female bassist, a male face-painted guitarist, and an average-looking vocalist rock out on stage.'], ['A guy in a brown shirt, a girl in a black shirt, and a guy in a plaid suit are playing in a band.'], ['A man in a T-shirt and jeans is dancing in front of a man and a woman playing electric guitars.'], ['A man in a plaid suit playing guitar with a woman and another man.']]"
<PIL.JpegImagePlugin.JpegImageFile image mode=RGB size=500x333 at 0x7CBB9DF600E0>,"[['A man wearing blue swimming trunks is swimming underwater with a large group of people.'], ['A group of people are swimming underwater in a pool.'], ['A man in blue swimming trunks underwater.'], ['A group of swimmers underwater.'], ['A man swims underwater.']]","[['A group of people are varying degrees of underwater in a pool, with an older man clad in American flag swim trunks the furthest underwater.'], ['A man, in the American flag swim trunks, swims underneath other at a pool.'], ['A number of people are diving and swimming in a body of water.'], ['The people swim above and under the water in the pool.'], ['Old man in swimming pool having fun swimming']]"
<PIL.JpegImagePlugin.JpegImageFile image mode=RGB size=500x375 at 0x7CBB9DE5BF80>,"[['A man in a black t-shirt and khaki pants playing a guitar.'], ['A balding man in a black t-shirt is playing a guitar.'], ['A man in a black shirt is sitting and playing a guitar.'], ['A man in a black shirt is playing a guitar.'], ['A man in a black shirt is playing a guitar.']]","[['A man with a rolling stones t-shirt on with beige pants sitting in a highchair adjusting a black guitar'], ['Young man wearing a rolling stones black t-shirt playing a guitar.'], ['A young shaved head man is tuning his guitar.'], ['A young man tunes his guitar in the kitchen.'], ['A guy sitting on a chair tunes his guitar.']]"
<PIL.JpegImagePlugin.JpegImageFile image mode=RGB size=500x500 at 0x7CBB9DE5ADB0>,"[['People walking in the city at night with signs written in another language.'], ['People walking around the streets of an Asian city.'], ['People walking in a city at night.'], ['People walk around an Asian city.'], ['People walking on a city street.']]","[['Two people in the foreground look like shadows against the neon signs of the businesses at night.'], ['A photo of a couple walking down the street with Chinese characters written on the signage.'], ['A man in a red raincoat is looking to the opposite site of the camera.'], ['A couple embrace as they look at the Asian signs in the distance.'], ['Couple in shadow walks away from a lit storefront toward camera']]"
<PIL.JpegImagePlugin.JpegImageFile image mode=RGB size=500x375 at 0x7CBB9D422540>,"[['A boy in a gray shirt and yellow shorts jumps in the air with a river and mountains in the background.'], ['A young boy in yellow shorts and a gray shirt jumps in the air.'], ['A boy is jumping on a hill overlooking a river.'], ['A boy jumping up from the sand next to a river'], ['A boy is jumping on a hill near a river.']]","[['Person in yellow shorts, gray shirt with logo jumping from bank into the water.'], ['A young person wearing a gray shirt and yellow shorts jumping into a river.'], ['A boy high in the air above the dirt and water near the red rock cliffs.'], ['The boy in yellow shorts leaps from riverbank towards the river.'], ['A medium sized child jumps off of a dusty bank over a creek.']]"
<PIL.JpegImagePlugin.JpegImageFile image mode=RGB size=500x375 at 0x7CBB9DA67FB0>,"[['Two people sit on a beach at dusk with mountains and a town in the background.'], ['Two people sit on the shore of a lake at dusk.'], ['Two people are sitting on the water at dusk.'], ['Two people sit by a lake with mountains.'], ['Two people are sitting on a beach.']]","[['Two people sit in the dark, on the shore, looking at the city lights.'], ['The couple is sitting near the water in lawn chairs.'], ['Two people on cots watching the water at twilight.'], ['Two people sitting in the shadows near the water.'], ['Two people relax by the water.']]"
<PIL.JpegImagePlugin.JpegImageFile image mode=RGB size=373x500 at 0x7CBB9DDABA70>,"[['A woman with pink hair, wearing a striped shirt, is peeling something while standing in a kitchen.'], ['A woman with short red-hair and a black and white striped shirt is cutting up food.'], ['A woman is wearing a striped shirt and peeling a tomato.'], ['A woman wearing a striped shirt is cutting up food.'], ['A woman with short hair prepares food.']]","[['A middle-aged woman with a young, edgy red haircut is looking down at shallots she is cutting up in a restaurant kitchen on a cutting board.'], ['A woman in a striped shirt uses a cutting board and knives to cut some vegetables.'], ['A woman in a black and mint shirt preparing food during a cooking class.'], ['An older woman with short red-hair is preparing food in a kitchen.'], ['A dyed red-haired women prepares an onion in a commercial kitchen.']]"
<PIL.JpegImagePlugin.JpegImageFile image mode=RGB size=500x371 at 0x7CBB9D600FE0>,"[['Three men wearing red shirts are riding horses at a rodeo.'], ['Three men wearing red shirts are riding horses at a rodeo.'], ['Three men wearing red shirts are riding horses at a rodeo.'], ['Three men in red shirts riding horses at a rodeo.'], ['A group of men are riding horses.']]","[['There are three men on horses, 2 with red shirts, and the third with a white shirt is getting bucked off while people spectate.'], ['Three men on horses, one of them with his legs up in the air is being bucked off his horse.'], ['Two men on horses look on as another man is bucked off the back of his horse.'], ['Two men on horseback watch as another man is thrown from his bucking horse.'], ['Three men are riding horses in the rodeo with spectators watching.']]"
<PIL.JpegImagePlugin.JpegImageFile image mode=RGB size=500x375 at 0x7CBB9DA862D0>,"[['Four speed skaters are in a race, with one in an orange suit in the lead.'], ['Four ice skaters are racing around a track in the ice.'], ['Four people are ice skating in a race.'], ['Four people are ice skating in a race.'], ['Four people are speed skating.']]","[['Four skaters are competing in a high speed skating competition, and turning on the track.'], ['Four athletes from two different teams are competing in their sport on the ice rink.'], ['Four people turn a corner in a speed skating event.'], ['Four women participating in an ice-skating race.'], ['Four ice skaters racing around a corner.']]"
<PIL.JpegImagePlugin.JpegImageFile image mode=RGB size=375x500 at 0x7CBB9D9E7620>,"[['A man dressed in white is playing a keyboard in front of a microphone.'], ['A man in all white is playing an instrument and singing.'], ['A man in all white is performing music on a stage.'], ['A man in white plays a keyboard on stage.'], ['A man in white plays a keyboard.']]","[['A man in a snazzy silver suit is playing the keyboard and singing.'], ['A man, dressed in white, plays the piano and sings on stage.'], ['A man dressed in white plays a keyboard as his band performs.'], ['Musician is dressed in white and playing keyboard with band.'], ['A man in a white outfit is playing an electric keyboard.']]"
<PIL.JpegImagePlugin.JpegImageFile image mode=RGB size=333x500 at 0x7CBC4D7C6510>,"[['Two men are talking to a man who is pushing a cart with a sign on it.'], ['A man in a green shirt is pushing a cart in a city.'], ['A man pushes a cart on a city street at night.'], ['People are walking on the sidewalk.'], ['A man pushing a cart on the street.']]","[['""A group of people are standing on a city street at night; in the background are streetlights and a McDonald\'s restaurant."", \'A man wearing a green jumpsuit pushing a wagon is waiting to cross the street.'], ['A cleaning woman in a bright uniform is pushing a cart.'], ['A city worker pushing a mobile garbage bin.'], ['An old man cleaning trash on the street.']]"
<PIL.JpegImagePlugin.JpegImageFile image mode=RGB size=500x334 at 0x7CBB9D4A4470>,"[['A man in a black shirt and white gloves is grilling sausages on a large barbecue.'], ['A man in a black shirt cooking hotdogs on a grill.'], ['A man in a black shirt grilling many sausages.'], ['A man grills sausages on a large grill.'], ['A man in a black shirt grills sausages.']]","[['Man in a black shirt with a watch grilling many hotdogs on a stainless steel barbecue.'], ['A man grills sausages on a large steel grill.'], ['A man grilling hotdogs on a gas grill.'], ['A man grilling hotdogs and sausages.'], ['A man is grilling sausages.']]"
<PIL.JpegImagePlugin.JpegImageFile image mode=RGB size=500x375 at 0x7CBB9D7DC6B0>,"[['A young girl in a blue dress climbing a tree'], ['A girl in a blue dress climbing a tree.'], ['A young girl is climbing a tree.'], ['A girl climbing a tree.'], ['A girl climbing a tree']]","[['A girl in a blue dress, wearing a blue sweater, hanging out in a tree.'], ['A girl in a blue school uniform climbs a tree and stops for a picture.'], ['A woman in formal clothing climbing a tree.'], ['Girl in school outfit atop a tree.'], ['A schoolgirl climbing a tree.']]"
<PIL.JpegImagePlugin.JpegImageFile image mode=RGB size=440x500 at 0x7CBB9D858EF0>,"[['The soccer goalie is attempting to block the soccer ball from entering the goal.'], ['A woman goalie in a red jersey is blocking a ball from going into the goal.'], ['A female soccer goalie in a red jersey attempts to block a ball from the net.'], ['A girl goalie in red and black is about to block a soccer ball.'], ['A female soccer goalie in red attempts to block a ball.']]","[['A young woman wearing a red shirt stands in a soccer goal and kicks a ball.'], ['A goalie in a red uniform kicks at the soccer ball to protect the goal.'], ['A female kicking a soccer ball while in front of a soccer goal.'], ['The young ladie takes a goalie kick during a soccer match.'], ['A soccer player in a red uniform just kicked a ball.']]"
<PIL.JpegImagePlugin.JpegImageFile image mode=RGB size=500x375 at 0x7CBB9DCED7F0>,"[['A man in a blue and white striped shirt sits down on a grate in front of a bike.'], ['A man in blue jeans and a striped shirt sits on a grate near a bicycle.'], ['A man in a blue and white striped shirt sits on the sidewalk.'], ['A man in a blue shirt and jeans sits on a street grate.'], ['A man in a blue and white shirt is sitting on a grate.']]","[['Male in a striped short-sleeve shirt, jeans, and brown shoes falling asleep while sitting down.'], ['A man in jeans and a striped short shirt is sitting on a stoop and sleeping.'], ['A man in a striped shirt and blue jeans asleep on a stoop.'], ['A man is sitting on the floor, sleeping.'], ['A male taking a nap on a hot afternoon.']]"
<PIL.JpegImagePlugin.JpegImageFile image mode=RGB size=500x375 at 0x7CBB9E4A6AE0>,"[['An elderly man in a white shirt and hat in a white boat feeds a flock of swans.'], ['A man in a white shirt and a tan hat is feeding a flock of white swans.'], ['An old man in a white boat feeding a flock of white swans.'], ['An older gentleman feeding a group of white swans.'], ['A man in a boat feeds a group of swans.']]","[['A man on a boat feeding many water birds and two parents in chairs with their little girl on the side.'], ['A man in a boat wearing a white shirt is holding a buoy while being surrounded by swan.'], ['A flock of swans gathers around a person in a boat on a sunny day.'], ['Swans are gathering around a man and a boat.'], ['Man riding in boat feeds group of swan.']]"
<PIL.JpegImagePlugin.JpegImageFile image mode=RGB size=500x375 at 0x7CBB9DE6E600>,"[['A large golden retriever is jumping up and trying to bite on a large stick.'], ['A brown dog is trying to bite a stick in his mouth.'], ['A brown dog is playing with a large stick.'], ['A dog jumps up to bite a large stick.'], ['A brown dog jumps for a stick.']]","[['A dog walks through the leaves with a large stick in his mouth.'], ['A yellow dog plays with a large stick in the grass.'], ['A golden retriever is biting a branch in a yard.'], ['A golden dog has a long stick in its mouth.'], ['A dog carries a stick in its mouth.']]"
<PIL.JpegImagePlugin.JpegImageFile image mode=RGB size=333x500 at 0x7CBB9E069880>,"[['A young woman with a purple lei around her neck playing an electric guitar.'], ['A girl with a purple lei around her neck plays an electric guitar.'], ['A young girl playing a guitar game in the living room.'], ['A young woman playing a guitar video game.'], ['A woman playing the guitar.']]","[['Asian woman wearing jeans and a tank top while playing an electric guitar inside a house.'], ['""A woman playing an electric guitar that doesn\'t have any strings."", \'A chinese girl playing a guitar standing in front of a cough.'], ['A woman with a flowered lei is playing the guitar.'], ['An Asian teen girl playing an electric guitar.']]"
<PIL.JpegImagePlugin.JpegImageFile image mode=RGB size=344x500 at 0x7CBBDEF36E70>,"[['A statue of the Statue of Liberty is walking in the street with a man and a blond woman.'], ['A statue of the statue of liberty walks down the street.'], ['A statue of the statue of liberty walking down the street'], ['A statue of the Statue of Liberty on the street.'], ['A statue of the statue of liberty.']]","[['A person in a statue of liberty costume with shades stands motionless in a crowd of people.'], ['A Statue of Liberty street performer stands outside while pedestrians pass.'], ['A human statute dressed as the Statute of Liberty stands among a crowd.'], ['Man looking at The Statue of Liberty with sunglasses on.'], ['A mock statue of liberty is standing in the crowd.']]"
<PIL.JpegImagePlugin.JpegImageFile image mode=RGB size=333x500 at 0x7CBB9DD152E0>,"[['A man on a snowboard is sliding across the snow.'], ['A man on a snowboard doing tricks in the snow.'], ['A man snowboarding through snow.'], ['A man snowboarding in the snow.'], ['A snowboarder in the snow.']]","[['A snowboarder wearing a black and white striped jacket is kicking up some snow.'], ['A snowboarder poses for the camera while doing a trick.'], ['A man in a zippered jacket snowboarding.'], ['A man in a prison suit is snowboarding.'], ['A snowboarder in stripes.']]"
<PIL.JpegImagePlugin.JpegImageFile image mode=RGB size=500x334 at 0x7CBB9D9ABB90>,"[['A woman in a blue shirt is looking through a microscope in a lab.'], ['A woman in a blue lab coat looking through a microscope.'], ['A woman in a blue shirt is looking through a microscope.'], ['A woman in blue lab attire is looking through a scope.'], ['A woman is looking through a microscope.']]","[['A woman is looking through a scientific instrument at a small piece of technology.'], ['Woman looking through a high-powered microscope at a bacteria in a small vial'], ['A woman in a lab coat is looking into a microscope in a lab.'], ['There is a scientist looking through a microscope.'], ['A female researcher videotaping a specimen.']]"
<PIL.JpegImagePlugin.JpegImageFile image mode=RGB size=500x333 at 0x7CBB9D7215B0>,"[['A man walks a dog in front of a building that has graffiti on it.'], ['A man walks his dog in front of an abandoned building.'], ['A man walks his dog in front of a run down building.'], ['A man is walking a dog in front of an old building.'], ['A man walks his dog in front of a building.']]","[['A person in a hat walking their dog in front of a building with large chain-linked fences surrounding it.'], ['A person in a blue jacket walks his golden dog in front of an abandoned building.'], ['A man walks an orange dog in front of a building with a rusted chain fence.'], ['A bad neighbor hood were there is vandalism on the buildings'], ['A man walks a large dog past a barricaded building.']]"
<PIL.JpegImagePlugin.JpegImageFile image mode=RGB size=500x375 at 0x7CBB9E5605F0>,"[['Two women with a wooden basket are picking strawberries in a field.'], ['Two young women pick strawberries from a field.'], ['Two girls are picking strawberries in a field.'], ['Two women are picking strawberries outdoors.'], ['Two women picking strawberries in a field.']]","[['Two women are outside with a basket picking produce.'], ['Young women pick strawberries in a field.'], ['Two girls picks berries from a field.'], ['Two women harvesting their garden.'], ['Gardening is fun and relaxing.']]"
<PIL.JpegImagePlugin.JpegImageFile image mode=RGB size=500x347 at 0x7CBB9E51A480>,"[['A woman with short black hair holds a corn cob up to her mouth and squints her eyes.'], ['A girl with short hair is squinting her eyes while eating an ear of corn.'], ['A girl is eating an ear of corn and squinting her eyes.'], ['A girl is eating a corn cob while squinting her eyes.'], ['A girl squinting as she eats an ear of corn.']]","[['A person with dark hair is eating a very large ear of corn.'], ['The child with black hair is eating corn on the cob.'], ['A black-haired girl is eating corn on the cob.'], ['A man is eating a piece of corn on the cob.'], ['A man is nibbling on an ear of corn']]"
<PIL.JpegImagePlugin.JpegImageFile image mode=RGB size=500x333 at 0x7CBB9E7CD760>,"[['A woman in a pink shirt and a cowboy hat is riding a brown horse that is running into a barrel that says ""Dodg"" and is wearing a red Dodge logo.'], ['A woman in a pink shirt and cowboy hat riding a horse in a rodeo.'], ['A woman wearing a pink shirt and hat is riding a horse at a rodeo.'], ['A woman in a pink shirt and cowboy hat is riding a horse.'], ['A woman in a pink shirt riding a horse at a rodeo.']]","[['A woman wearing a cowboy hat and a pink shirt is ridding a horse in a competition.'], ['Someone in a pink shirt is riding a brown horse in a rodeo.'], ['A woman in a pink shirt wears rides a horse in a rodeo.'], ['The brown horse is next to a red barrel at the rodeo.'], ['A cowgirl corners a barrel riding a horse.']]"
<PIL.JpegImagePlugin.JpegImageFile image mode=RGB size=500x375 at 0x7CBB9EAAF1D0>,"[['Two men, one wearing a green shirt and the other wearing a camo vest, are standing in a field with guns.'], ['Two men are standing in a field with a gun in hand, while another man is standing next to them.'], ['Two men are standing in a field with guns, while another man is standing near them.'], ['A man holding a rifle while another man looks on.'], ['Two men are practicing target shooting.']]","[['One older man in a game preserve is standing with ear protection on while a younger man not wearing ear protection holds a rifle.'], ['A person, standing outside, in a green sweater holds a shotgun as a man wearing ear protection looking at him.'], ['At the shooting range, a man in a green jacket practices his shooting.'], ['1 man with rifle in hand and other instructing at a shooting range'], ['Two men shoot a shotgun at a shooting range.']]"
<PIL.JpegImagePlugin.JpegImageFile image mode=RGB size=500x375 at 0x7CBB9DE7CA10>,"[['A woman in a red shirt is sleeping in a car.'], ['A girl in a red shirt is sleeping in a car.'], ['A woman sleeps in the back seat of a car.'], ['A young woman asleep in the backseat.'], ['A girl sleeps in the backseat.']]","[['Pink shirted woman sleeping in a car with blue and white blanket on her.'], ['A woman in a pink shirt wrapped up in a blue blanket asleep in a car.'], ['A woman in a red shirt is under a blanket and sleeping in a vehicle.'], ['A lady with brown hair in a pink shirt sleeping in a car.'], ['A woman sleeps under a blue and white blanket in a car.']]"
<PIL.JpegImagePlugin.JpegImageFile image mode=RGB size=500x332 at 0x7CBB9D317F50>,"[['A man is walking across the street while snow is falling.'], ['A man in black coat is crossing a street in the snow.'], ['A man in a green jacket is crossing the street.'], ['A man is crossing the street during a snowstorm.'], ['A man is crossing the street.']]","[['A man in a green coat crossing the street with graffiti in the background.'], ['A man in a coat is walking across a city street during a snowstorm.'], ['A man is crossing a street which is lined by a wall of graffiti.'], ['A man is walking across the street while it is snowing.'], ['Man walking across the street in the snow.']]"
<PIL.JpegImagePlugin.JpegImageFile image mode=RGB size=500x333 at 0x7CBB9DE3AB10>,"[['A man with a beard and a T-shirt that says ""Backyard Babies"" kneels in front of a projector in front of an audience.'], ['A man sitting in front of a projector looking at a crowd.'], ['A man in a crowd sitting in front of a projector.'], ['A man is sitting on a step with a crowd behind him'], ['A man is sitting in front of a projector.']]","[['A man with a ""Backyard Babies"" has a black box in front of him and a crowd on chairs behind him.'], ['A man is kneeling in the top step while many people are behind him sitting in chairs.'], ['A man sits on the stage giving technical assistance for a performance.'], ['Crowd behind man working projector'], ['A man sitting in front of a stage']]"
<PIL.JpegImagePlugin.JpegImageFile image mode=RGB size=500x500 at 0x7CBB9E1A66C0>,"[['Two women, one wearing black and the other wearing white, are holding out their arms into a bed of flowers.'], ['Two women with black hair, one in a black shirt, the other in a white shirt, are in a flower garden.'], ['Two women are standing in a flower garden with their arms outstretched.'], ['Two girls are reaching into a bed of flowers.'], ['Two young women reach into a flower bed.']]","[['Two girls have their picture taken from an unusual angle as they sit on a bench between plantings of beautiful flowers.'], ['Two young women are standing in the middle of a flower garden with their arms wide open.'], ['There are lots of beautiful pink and white flowers and two Asian girls playing in them.'], ['Two girls in a bed of flowers with their arms stretched out.'], ['Two girls pose for a picture among vibrant flowers.']]"
<PIL.JpegImagePlugin.JpegImageFile image mode=RGB size=332x500 at 0x7CBB9E1DBF50>,"[['A large group of men in a boat are paddling the oars while splashing water.'], ['Men in a boat are paddling with oars and creating splashes of water.'], ['Men paddling a boat and creating large splashes.'], ['Boat full of men rowing down a river.'], ['A boat full of people rowing.']]","[['A group of people works hard to paddle their boat.'], ['A group of people on a boat paddle with oars.'], ['Black men in white tops riding a boat.'], ['Paddlers are getting in a water fight.'], ['Guys in a canoe competition race.']]"
<PIL.JpegImagePlugin.JpegImageFile image mode=RGB size=500x375 at 0x7CBB9DCEC9E0>,"[['A little boy wearing blue shorts is jumping on a water fountain.'], ['A child wearing shorts is jumping on water sprinklers.'], ['A child jumps on a water fountain.'], ['A child jumps on water fountains.'], ['A boy jumps on a fountain.']]","[['A boy is jumping on yellow spots that are painted on the floor of a water fountain.'], ['A person in the air above a water spout in the blue and yellow floor.'], ['A small child is chasing water squirts in a fountain.'], ['A boy enjoys puddle jumping on the big yellow dot.'], ['Young child jumping in the air.']]"
<PIL.JpegImagePlugin.JpegImageFile image mode=RGB size=332x500 at 0x7CBB9E4A70E0>,"[['Two men in hiking gear are using binoculars and a camera with a tripod.'], ['Two men with binoculars and cameras are looking through the trees.'], ['Two men with binoculars and cameras on a dirt road.'], ['Two men with binoculars and cameras are birdwatching.'], ['Two men with binoculars and cameras are birdwatching.']]","[['Two men, one looking through binoculars, one looking through a scope at something out of frame.'], ['Two men, both wearing hats, one using binoculars and the other holding a camera.'], ['Two men taking pictures in a secluded area, and they are wearing camping gear.'], ['Two older men are wearing outdoor clothing while using binocular devices.'], ['Two men wearing outdoor gear looking through binoculars.']]"
<PIL.JpegImagePlugin.JpegImageFile image mode=RGB size=500x333 at 0x7CBB9DD555B0>,"[['Two young ladies, one in a green shirt and one in a gray shirt, are holding race numbers.'], ['Two female runners are waiting to begin a marathon.'], ['Two young women are holding signs while running.'], ['Two women running a race wearing signs.'], ['Two women are running in a race.']]","[['Two young women running, one wearing a green shirt and the other wearing a gray shirt with a race tag ""5028"" with an ambulance and a Coca-Cola machine in the background.'], ['Here is a picture of two teenage girls running on the side of the street in a race and there is an ambulance watching them.'], ['Two dark-haired young women dressed in t-shirts are running in a race.'], ['Two young women with numbers on their shirts run along a street.'], ['Two ladies running in front of a Coca-Cola ad.']]"
<PIL.JpegImagePlugin.JpegImageFile image mode=RGB size=500x361 at 0x7CBB9ECCB260>,"[['A man in a white dress shirt and tan pants is walking past a group of people under a structure.'], ['A man in a white dress shirt and khaki pants walks past a group of people.'], ['An elderly man walking towards the camera in a white shirt and khakis.'], ['A man in a white shirt and tan pants walks past a group of people.'], ['A man is walking down a path.']]","[['Tourists stroll the streets between historic buildings.'], ['Some people are walking through a tourist attraction.'], ['Groups of people are walking out a short dark tunnel.'], ['A man walks a few feet in front of a family.'], ['An old man walking with a folder in his hand']]"
<PIL.JpegImagePlugin.JpegImageFile image mode=RGB size=500x333 at 0x7CBB9E0E9250>,"[['Two cyclists, both wearing helmets and wearing blue and white uniforms, are riding their bikes in the park.'], ['Two cyclists dressed in blue and white uniforms, ride on a paved road with grass behind them.'], ['Two men on bikes are racing, and the one in the front is wearing a blue helmet.'], ['Two men racing in a bicycle race, both wearing blue helmets.'], ['Two bicyclists race against each other.']]","[['Two people dressed in their bicycle attire racing against each other or in a marathon race, racing on pavement.'], ['Two people are riding bicycles next to each other on ground with grass in the background.'], ['Two cyclists in blue uniforms compete against each other down the bicycle course.'], ['Two men racing down a street in a bicycle race.'], ['Two men ride there bike during the race.']]"
<PIL.JpegImagePlugin.JpegImageFile image mode=RGB size=354x500 at 0x7CBB9DE4C590>,"[['An older lady sitting down with her knitting project on her lap.'], ['An older woman with gray hair and glasses is making mittens.'], ['An older woman sitting down and working on her knitting.'], ['An older lady in a green shirt is making knitted items.'], ['An elderly woman making a knitted product.']]","[['An older South American woman is knitting colorful hand warmers and enjoying herself.'], ['A woman with an orange knitted object on her hand and another in her lap.'], ['A woman is inspecting an ankle warmer.'], ['A woman is trying on knit arm warmers.'], ['An older woman trying on a new glove.']]"
<PIL.JpegImagePlugin.JpegImageFile image mode=RGB size=500x236 at 0x7CBB9EBD1850>,"[['The team in green is trying to stop the other team in pink from scoring a goal.'], ['Men playing a field hockey game with one man on the ground trying to stop the ball'], ['Men in white and green uniforms are playing a sport with sticks and a ball.'], ['A group of men playing field hockey on a green field.'], ['A group of men play field hockey.']]","[['Two men in pink jerseys, two men in white jerseys, and one man in a black jersey and black helmet, are playing field hockey.'], ['Two teams, one in pink and one in white, play lacrosse on a field.'], ['A man playing field hockey with his team jumps in the air.'], ['Five men are playing lacrosse on a field.'], ['Five men playing an interesting sport.']]"
<PIL.JpegImagePlugin.JpegImageFile image mode=RGB size=333x500 at 0x7CBB9E469190>,"[['The brown dog is jumping and about to catch the treat.'], ['A brown dog jumps to catch a treat in midair.'], ['The dog is trying to catch a treat in his mouth'], ['The brown dog jumps to catch the treat.'], ['The brown dog is catching a treat.']]","[['A brown dog opens his mouth to catch a piece of food.'], ['A dog is about to catch a treat in his mouth.'], ['A brown dog is about to catch a treat.'], ['A dog opens its mouth to catch a treat'], ['The dog is catching a treat.']]"
<PIL.JpegImagePlugin.JpegImageFile image mode=RGB size=500x375 at 0x7CBB9E1FEC30>,"[['A group of men sit on the floor of a room with a white wall and a blue tarp.'], ['A group of men sit on a blue tarp on the floor of a small room.'], ['A group of Indian men sitting on the floor in a room.'], ['A group of men sitting in a room with blue tarp.'], ['A group of men are sitting in a small room.']]","[['A group of dark-skinned, south Asian men sit with their backs against the walls of a room that contains multiple posters as well as a closed window.'], ['A group of middle eastern men are pictured seated in a building.'], ['A group of men sitting on the floor of a windowless room.'], ['A room filled with Indian en sitting against the walls.'], ['Several barefoot men sitting on the floor.']]"
<PIL.JpegImagePlugin.JpegImageFile image mode=RGB size=500x333 at 0x7CBB9E2B60F0>,"[['A crowd of people are gathered under a bridge with Chinese characters painted on it.'], ['A group of people under a bridge with Chinese writing on the roof.'], ['People are gathered under a bridge with Chinese writing on it.'], ['People gather under a large sign with Asian writing on it.'], ['People are walking under a bridge.']]","[['There are many young people climbing stairs with one guy in blue jeans and t-shrt looking back at the cameraman.'], ['A large group of people ascend a staircase leaving a room with oriental writing on the ceiling.'], ['A large Asian crowd walking up a flight of stairs.'], ['A large group of people are going up the stairs.'], ['Several people walk up steps with one another.']]"
<PIL.JpegImagePlugin.JpegImageFile image mode=RGB size=500x332 at 0x7CBB9DC208F0>,"[['A man with black hair and wearing a white shirt is grilling food outdoors.'], ['A man with a white shirt is preparing food on a grill.'], ['A man with a white shirt is cooking meat on a grill.'], ['A man with a white shirt is cooking meat.'], ['A man grills meat.']]","[['A man is sitting with his head facing down, while other people are looking in his direction.'], ['A man appears to be cooking up some food for customers in the street.'], ['A man wearing a white shirt is cooking food on a small grill.'], ['Four men standing around a small grill preparing food.'], ['A food vendor prepares snacks for waiting customers.']]"
<PIL.JpegImagePlugin.JpegImageFile image mode=RGB size=500x375 at 0x7CBBDEDE96D0>,"[['A group of people walk past an ornate wall with columns.'], ['People walk past a wall with intricate carvings.'], ['A man and woman walking in front of a building.'], ['Tourists walking past a historical building.'], ['Tourists walking past an ornate wall.']]","[['Several people walking next to a concrete building with many archways'], ['These six people are walking outside a building with columns.'], ['A group of people are walking in single file at an exhibit.'], ['The five people are standing under three tan arches.'], ['Students are going to class at a university']]"
<PIL.JpegImagePlugin.JpegImageFile image mode=RGB size=419x500 at 0x7CBB9E574140>,"[['A black and brown dog is jumping over a pole in an agility course.'], ['A black dog is jumping over a set of colored poles.'], ['A black and white dog jumps over a yellow pole.'], ['A dog jumping over a bar in an agility test.'], ['A black and white dog jumps over a bar.']]","[['A dog is jumping over a series of colored gates.'], ['A black and white dog is jumping over a hurdle.'], ['A dog hurdles over a series of poles.'], ['A small black dog jumping over gates'], ['A dog jumping over a beam']]"
<PIL.JpegImagePlugin.JpegImageFile image mode=RGB size=500x333 at 0x7CBB9EAC71D0>,"[['Four people are sitting at a table with plates of food and wine glasses while watching tv.'], ['A family of four is having a meal and watching television in a living room.'], ['A family of four sits down to a meal and watches TV at the same time.'], ['A family has dinner in the living room and watches television.'], ['A family is having a meal while watching television.']]","[['A family gathers for a nice meal in a comfortable home watching tv next to the fireplace.'], ['People are eating food while watching television.'], ['Four people sit down for dinner in a house.'], ['A family is dining and watching television.'], ['A family is having a meal together at home.']]"
<PIL.JpegImagePlugin.JpegImageFile image mode=RGB size=333x500 at 0x7CBBDEDEB530>,"[['A man and woman dance in a theater lobby while other people are watching from outside.'], ['A man and woman are dancing on the carpet while a crowd watches.'], ['A man and a woman are dancing in front of a group of people.'], ['A man and a woman are dancing while a group looks on.'], ['A couple is dancing together in public.']]","[['""A young woman, dressed in a red shirt and black skirt, is dancing with a young man, dressed in a white shirt with red pants, in front of a projector screen which is showing a picture from a children\'s film."", \'A young man and young lady dancing on a carpeted floor with a picture from the movie Toy Story on a big screen in the background.'], ['A man and women are holding hands and dancing with many people in the background but they are not paying attention to them.'], ['A couple, wearing black, burgundy, and white, dance.'], ['Two people dancing, wearing dance costumes.']]"
<PIL.JpegImagePlugin.JpegImageFile image mode=RGB size=500x332 at 0x7CBB9EC48920>,"[['A street with a brick road, many parked cars and a man walking down the street.'], ['A man walking down the street in front of some shops.'], ['A man walks down a street lined with shops.'], ['A street is lined with stores and cars.'], ['A man walking down a street.']]","[['A sunny street with a red building, parked cars, and a man walking down the road.'], ['Old cobblestone street with cars parked on the sides.'], ['A city street with a lone man walking in the middle.'], ['A person is walking down a cobblestone street.'], ['A person walking by buildings and cars.']]"
<PIL.JpegImagePlugin.JpegImageFile image mode=RGB size=500x375 at 0x7CBB9E58EBD0>,"[['Several players are on a soccer field with a crowd watching in the background.'], ['Several soccer players are standing on a soccer field.'], ['Three men in red jerseys are on a soccer field.'], ['Soccer players stand in the field during a game.'], ['Two soccer teams playing a game.']]","[['A soccer game between a team with blue uniforms and red uniforms where the ref or a coach is talking to a player.'], ['A referee in an international soccer match discussing a recent foul with players from each team.'], ['A soccer team is standing on the field waiting for their time to make a move.'], ['During a soccer game two players in blue talk with a player in red'], ['Soccer players speaking with referee during a game.']]"
<PIL.JpegImagePlugin.JpegImageFile image mode=RGB size=375x500 at 0x7CBB9F03D8E0>,"[['A young girl with blond-hair and a girl with red-hair are looking at a paper, while sitting on the ground.'], ['Two girls and a man are sitting on the ground looking at a paper and at a red and white table.'], ['A girl and a young boy are playing a game on the ground with a man standing behind them.'], ['A young girl is sitting with a man and another girl while they are looking at a paper.'], ['Two girls look at a paper while sitting on the ground.']]","[['A young blond woman is putting together a table while a young brunette is reading her the instructions.'], ['Two woman are on the ground setting up shot glasses on a table.'], ['A man and two women attempting to construct a grill.'], ['A group of people are hanging out outside.'], ['Two women work on a project outdoors.']]"
<PIL.JpegImagePlugin.JpegImageFile image mode=RGB size=500x333 at 0x7CBB9E880E30>,"[['A young man wearing a white t-shirt and black pants is jumping from one building to another.'], ['A young man in a white shirt and black pants jumping from one building to another.'], ['A young man in a white shirt and black pants jumping from one building to another.'], ['A young man is jumping from one building to another.'], ['A man is jumping from one building to another.']]","[['A man wearing black sweatpants, a white T-shirt, and sneakers leaps off a concrete roof toward a tall brick wall.'], ['A tall, athletic man leaps upward towards the top of a brick wall.'], ['A man taking a daring leap while practicing his parkour'], ['Man in a white shirt jumping toward a brick wall.'], ['Man jumping from lower roof to higher roof.']]"
<PIL.JpegImagePlugin.JpegImageFile image mode=RGB size=500x375 at 0x7CBB9E78FE90>,"[['A woman and two men are sitting down, one man is raising his hand and there is a picture of a naked man in a magazine behind them.'], ['An older man is holding up his hand in the air while a woman sits behind him.'], ['Two older men and one woman are sitting down with one of the men raising his hand.'], ['A man is pointing his finger while another man points his finger at him.'], ['Two men and one woman are sitting in a room.']]","[['An old man with arms outstretched sits against a wooden wall between a woman and another man.'], ['Old man with black shirt throws hands up while sitting next to white woman and white man.'], ['A gray-haired man is sitting down with his arm stretched out.'], ['An older man is opening his arms wide and looking perplexed.'], ['A man in a gray shirt holds his hands in the air.']]"
<PIL.JpegImagePlugin.JpegImageFile image mode=RGB size=375x500 at 0x7CBB9ECF6EA0>,"[['A man in sunglasses poses in front of a building with a flag on top.'], ['A man in sunglasses poses in front of a building with a red flag.'], ['A man wearing sunglasses is posing in front of a building.'], ['A man is standing in front of a building with a flag on it.'], ['A man is in front of a building with a red flag.']]","[['A white man in a white and black t-shirt, white khaki pants, and black shades is waving his arms and standing in front of a white fence of what looks like an Asian property with pointy roofs, a red flag on a tall pole, and pink flowers.'], ['A pale man wearing sunglasses with a white polo shirt and khaki pants, stands outside a white gate of a building, with Asian inspired architecture, his excitement is illustrated by his smile and outstretched arms.'], ['A man wearing a white shirt with a black stripe in khaki pants posing in front of a fence guarding a building and a red flag.'], ['Man in white shirt poses in front of white fence and large building.'], ['Man making a funny pose in front of an Asian building.']]"
<PIL.JpegImagePlugin.JpegImageFile image mode=RGB size=500x474 at 0x7CBB9E4F9670>,"[['A man in a white tank top with a tattoo on his arm is sitting behind a food stand.'], ['A man with a tattoo on his arm wearing a white shirt is sitting in a food stand.'], ['A man with a tattoo on his arm is sitting behind a food counter.'], ['A man with a tattoo on his arm sits in a food stand.'], ['A man with a tattoo on his arm is behind a counter.']]","[['A guy with his hand on his chin, tattoos on both arms, and a gold bracelet on standing behind a food business counter.'], ['A man with several tattoos is working a restaurant stand.'], ['A male vendor waits for customers to order beer.'], ['A man with tattoos holds his chin and thinks.'], ['Man working at outdoors concession stand.']]"
<PIL.JpegImagePlugin.JpegImageFile image mode=RGB size=375x500 at 0x7CBB9EA485F0>,"[['A little boy with a long-sleeved shirt on with animals on it is playing chess with a white pawn.'], ['A little boy in a long-sleeve gray shirt with footballs on it is playing chess.'], ['A young child plays chess with a black and white pawn on a checkered board.'], ['A small child in a sports themed shirt plays chess with a white pawn.'], ['A toddler in a sports shirt playing chess.']]","[['The baby seems fascinated with the pawn chess pieces on the chessboard.'], ['Toddler playing with chess pieces on a chessboard.'], ['A toddler is grasping pawns on a chessboard.'], ['The cute little baby is playing chess.'], ['A baby plays chess as a cat looks on.']]"
<PIL.JpegImagePlugin.JpegImageFile image mode=RGB size=334x500 at 0x7CBB9EB15CA0>,"[['A woman wearing a white shirt and black sunglasses dances with a man in a white robe.'], ['People are dancing outside in the grass.'], ['A crowd is dancing in the grass.'], ['A crowd dancing on the lawn.'], ['People dancing on the lawn']]","[['A man dressed in ceremonial clothing is dancing outside with people following him waving their hands.'], ['A group of people are being led in a dance by a man in traditional dress.'], ['A man in a white robe leading other people in a line dance of some sort.'], ['Girls dance behind a man wearing a white robe and turban.'], ['Guy performing and teaching Middle Eastern Dancing.']]"
<PIL.JpegImagePlugin.JpegImageFile image mode=RGB size=500x333 at 0x7CBBDEC1ED20>,"[['A man in a purple sweater stands next to a man in a green jacket as a third man in a gray shirt sits down with a bicycle in front of him.'], ['Two men are standing while another sits on a chair with a bicycle on the ground in front of them.'], ['Two men standing in front of a building as another man sits down with a bicycle in front of him.'], ['Two men are standing while a third man sits down on a chair in front of a bicycle.'], ['A man sits on a chair while two other men stand.']]","[['An Asian man attempting to repair a green bicycle outdoors while two other Asian men stand by.'], ['Two men observe as a third fixes a green bicycle in front of a building with glass doors.'], ['""Three Chinese men trying to repair a child\'s green bicycle."", \'Three men are working on a green bicycle.'], ['A few Japanese folk fix a bike.']]"
<PIL.JpegImagePlugin.JpegImageFile image mode=RGB size=500x375 at 0x7CBB9EF3CA40>,"[['A group of people are in a meeting room, standing in front of tables that have flowers on them.'], ['A group of people are sitting and standing at a table with yellow flowers.'], ['People gathered in a room with American flag and flower arrangements.'], ['A man is giving a presentation to a group of people.'], ['A group of people are in a meeting.']]","[['A woman in a tan shirt is addressing a group of people in a restaurant.'], ['A group of people are at tables looking towards a speaker.'], ['A group of elderly people are meeting together in a room.'], ['A group of people are conversing with one another.'], ['People are gathered at a meeting.']]"
<PIL.JpegImagePlugin.JpegImageFile image mode=RGB size=500x375 at 0x7CBB9EA6DE80>,"[['Three people are wrestling on the ground while others watch.'], ['Three people wrestling with each other on a court.'], ['Two young men wrestling in a game.'], ['Two people wrestling on the floor'], ['A group of young men wrestling.']]","[['Two individuals, one male and one unknown, playfully wrestle on a cement floor while five onlookers smile.'], ['A group stands and watches two men, apparently dressed in some sort of costume, wrestle on the ground.'], ['Two people are acting on a stage tackling each other as onlookers cheer and applaud.'], ['A woman tickling a man on the floor while five other people are laughing.'], ['Two people appear to fight while five others look on in the background.']]"
<PIL.JpegImagePlugin.JpegImageFile image mode=RGB size=500x375 at 0x7CBB9EAADE50>,"[['A woman and child shop for food in a produce market.'], ['Two people shop for food in a market.'], ['Two women shop in an Asian market.'], ['Two women at a market.'], ['Two people shopping.']]","[['An East Asian man in a black jacket and a woman in a salmon-colored jacket are looking at goods in an Asian grocery store.'], ['A man and woman are looking at something inside a market filled with many foods.'], ['A man and a woman examine the wares of fresh produce at a grocery store.'], ['Lady in red jacket, man in black jacket in open market.'], ['An Asian man and woman in a produce market.']]"
<PIL.JpegImagePlugin.JpegImageFile image mode=RGB size=375x500 at 0x7CBB9EF16F30>,"[['A little girl is carrying two small cages with birds in them.'], ['A young girl holding two cages of birds outside a store.'], ['A young girl carries two cages of birds.'], ['A girl is holding two cages of birds.'], ['A girl holds two bird cages.']]","[['A little girl holding 2 cages one of them is being held closeup to the camera she appears to be at the entrance of a store.'], ['A little girl wearing sandals and white clothes holds up a small wooden cage hanging by a string.'], ['A small girl holding a colorful yellow and orange box by a string.'], ['A young girl in a white outfit and flip-flops is holding two cages'], ['A thin young girl with two small wooden cages, one in each hand.']]"
<PIL.JpegImagePlugin.JpegImageFile image mode=RGB size=500x500 at 0x7CBB9E69DA90>,"[['Two dancers on stage, one in the foreground in a full-body pose, and one in the background bending over.'], ['A dancer with her feet in her hands and a dancer bent over with arms above her head.'], ['Two people are on stage, one bending over and the other one is in a pose.'], ['Two dancers, one standing and one bending over, on stage.'], ['Two people are dancing in a dark setting.']]","[['A modern dancer is holding a pose in the foreground and another dancer is in the background.'], ['A man in a woman in dance outfits are performing stretching maneuvers on a stage.'], ['Two classical dancers, a man and a woman, performing on stage.'], ['A female contortionist practices her solo performance on stage.'], ['A lady and a man are on stage dancing with flexibility.']]"
<PIL.JpegImagePlugin.JpegImageFile image mode=RGB size=500x484 at 0x7CBB9DA71880>,"[['Two young people, one with purple hair and the other with red, wearing strange clothing, walk down a street.'], ['A man and a woman walking down the street dressed in a very unusual fashion.'], ['A young man and woman wearing unusual clothing are walking on a street.'], ['A man and woman wearing gothic clothing are walking down a street.'], ['A man and woman walking down the street wearing strange clothes.']]","[['A woman in skirt, torn stockings and combat boots and a man in aviators and batman tank top walk down a city street.'], ['A man and woman dressed in punk rock style clothing are seen crossing the street during the daytime.'], ['Two hipsters strolling down the street with ridiculous looking clothes on.'], ['A man and a woman dressed in punk clothing walking down the street.'], ['Two colorfully dressed people walk down a sidewalk into the camera.']]"
<PIL.JpegImagePlugin.JpegImageFile image mode=RGB size=333x500 at 0x7CBB9DE3ADB0>,"[['A group of people sit in front of a small hut made from sticks and leaves.'], ['A group of people sitting around a hut in a field of grass.'], ['A group of African villagers sitting near their hut.'], ['African villagers gathered outside of a hut.'], ['A group of people outside a hut.']]","[['A family in an African village sits outside of their home on the ground.'], ['A group of indigenous people relaxing outside of their hut.'], ['Numerous people sitting on the ground near a straw hut.'], ['Multiple people are sitting in outside of a hut.'], ['Several African women sit in front of a hut.']]"
<PIL.JpegImagePlugin.JpegImageFile image mode=RGB size=353x500 at 0x7CBB9ED13260>,"[['A young person in a helmet and pink pants is skiing down a snowy hill.'], ['A skier in pink pants and a helmet is on the snow.'], ['A little girl in pink pants is skiing down a slope.'], ['A young girl is skiing down a snowy hill.'], ['A person skiing down a snowy hill.']]","[['A little girl in a pink and white ski suit and red helmet skies sideways on the snow covered slope.'], ['Young skier in a pink ski-suit is on the side of a snowy hill'], ['Person in pink skis wearing skis on a slope.'], ['Child in pink and white skiing down a slope.'], ['Little girl skis on slope.']]"
<PIL.JpegImagePlugin.JpegImageFile image mode=RGB size=366x500 at 0x7CBB9EB29550>,"[['A man wearing black pants with white designs on them is pointing and standing on a stage.'], ['A man is pointing to the crowd while wearing a black shirt with green and white pants.'], ['A man in a black shirt with a white design is standing on stage in front of a crowd.'], ['A man on stage is gesturing while others watch.'], ['A man on stage in black pants is pointing.']]","[['A man is standing with his arms spread wide and an open vest exposing his chest.'], ['A man who is dressed like a wrestler walks while people take his picture.'], ['A shirtless man wearing a vest walks on a stage with his arms up.'], ['A man wearing a vest and pants walks across stage at a concert.'], ['A man in a black vest walks on a rail.']]"
<PIL.JpegImagePlugin.JpegImageFile image mode=RGB size=500x450 at 0x7CBB9DC69490>,"[['A young man and woman pose together outside of a restaurant.'], ['A young man and woman wearing sunglasses smile for the camera.'], ['A man in a blue shirt stands next to a woman in a costume.'], ['A man and woman dressed in costumes are smiling.'], ['A young man and woman pose for a picture.']]","[['A man with dreadlocks wearing a blue shirt poses with his arm around a drag queen who has post-it notes in her hair.'], ['A man in a blue shirt has his arm over a woman wearing flower sunglasses and an orange outfit.'], ['A man with dreadlocks poses with an oddly dressed woman (drag queen?) in a city.'], ['Cross-dresser, with condoms in his hair, posing with a friend.'], ['A woman in a costume wearing condoms in her hair.']]"
<PIL.JpegImagePlugin.JpegImageFile image mode=RGB size=500x420 at 0x7CBB9EAC72F0>,"[['An older man with a red shirt is sitting on a chair with a table in front of him on the sidewalk.'], ['A man in a red shirt and a blue hat is sitting in a chair next to a table on a sidewalk.'], ['An older man sits on a folding chair with a table in front of him on the sidewalk.'], ['A man sitting on a chair on a sidewalk in front of a building.'], ['A man is sitting on a folding chair on a sidewalk.']]","[['A man in a blue and white hat and a red and white shirt sets up a small table with glassware before him and a shadow on a streetlight is seen on the gray wall behind him.'], ['A man in a red shirt and a blue hat is sitting on a sidewalk and touching drinking glasses.'], ['A Latin American street vendor sets up a table selling glass ware in an inner city setting.'], ['A man wearing a hat sitting on a stool playing water glasses in the street.'], ['A man sitting on a stool selling something.']]"
<PIL.JpegImagePlugin.JpegImageFile image mode=RGB size=500x333 at 0x7CBB9EE1ED20>,"[['Two men wearing red and yellow uniforms perform a martial arts move in front of a crowd of onlookers.'], ['Two men in red and yellow outfits are performing a martial arts move in front of a crowd of onlookers.'], ['Two men dressed in red, yellow and black uniforms perform a martial arts stunt in front of a crowd.'], ['Two men in red uniforms and yellow stars are performing a martial arts move in front of a crowd.'], ['Two men in red and yellow uniforms perform a martial art in front of a crowd.']]","[['Two men in red performance one-piece-suits, performing what looks like gymnastics feats in front of an audience, outside.'], ['Two muscular men in red doing performance art on a black mat on grass with an audience in the background.'], ['The crowd is enjoying watching the circus performers do their routine.'], ['Two men wearing red suits perform in front of crowd.'], ['A big crowd is watching some kind of a game.']]"
<PIL.JpegImagePlugin.JpegImageFile image mode=RGB size=500x375 at 0x7CBB9E0C14C0>,"[['An elderly woman with short white hair sits in a cage with a cat and two rabbits.'], ['A woman sits on the floor next to a cage with two rabbits and a cat.'], ['An elderly woman is looking at a cat and two rabbits in a cage.'], ['An older woman is sitting down next to two rabbits and a cat.'], ['An older woman sits with two rabbits and a cat in a cage.']]","[['A cat observing two little rabbits in a box of hay inside an wire enclosure, while a woman in a white sweater looks on.'], ['A woman sits in a caged in area with a cat and two bunnies.'], ['A woman watching over her two bunnies and curious cat.'], ['An old woman watches a cat investigates two rabbits.'], ['A cat looking after the rabbits in a cage.']]"
<PIL.JpegImagePlugin.JpegImageFile image mode=RGB size=500x375 at 0x7CBB7F6E83B0>,"[['A group of people in martial arts uniforms watch as two men in the center of the group are performing a martial arts demonstration.'], ['Two men are demonstrating karate while a group of people watch.'], ['Two men doing karate in front of a group of onlookers.'], ['A group of men watch as two men perform martial arts.'], ['Two men in black are practicing karate.']]","[['Two men sparring on a field with one man grabbing the wrist of the other while several people watch on a green lawn with a yellow house and several cars in the background.'], ['Men in black martial arts outfits practice their tan art in the grass in front of a tan building with a red roof.'], ['The students of Martial Arts class practicing outside near the studio'], ['Martial arts students practice outside building.'], ['Some men are learning martial art.']]"
<PIL.JpegImagePlugin.JpegImageFile image mode=RGB size=500x333 at 0x7CBB9D1E0590>,"[['A group of people carrying balloons is walking down a street.'], ['A large group of people walk under a large balloon arch.'], ['A crowd of people walk under a balloon arch.'], ['A large group of people walk under balloons'], ['People walk under a balloon arch.']]","[['A large group of people walks beneath an arc made of balloons in a grassy clearing.'], ['Some people holding balloons are walking across some grass.'], ['A lot of people are on the street holding balloons.'], ['Individuals with balloons participating in a walk.'], ['A charity walk happening with balloons.']]"
<PIL.JpegImagePlugin.JpegImageFile image mode=RGB size=500x375 at 0x7CBB9ECDD280>,"[['A man wearing a black jacket is standing in front of a display which reads ""We Are All Workers"".'], ['A man wearing a blue and black plaid jacket is standing in front of a display.'], ['A man standing in front of a display reading ""We Are All Workers"".'], ['A man in a plaid jacket stands in front of a workers sign.'], ['A man in a black plaid jacket is standing near a sign.']]","[['A man in a black and blue checkered hooded sweater is looking at a Levi\\\'s advertisement that says, ""We Are All Workers.""'], ['A young man in a striped hoodie looks at an artistic Levi\\\'s advertisement that says ""We are all workers.""'], ['""People gather in front of a advertisement for Levi\'s with the words \'we are all workers\'."", \'A levis jeans ad reads ""we are all workers"" in a block-like climbable display.'], ['Two men are looking at a advertisement for Levis.']]"
<PIL.JpegImagePlugin.JpegImageFile image mode=RGB size=416x500 at 0x7CBB9DE46BD0>,"[['A woman in a pink coat and man in a beige jacket are walking past a Lucky Night Shop.'], ['A couple are walking in the street with a chair outside that has a sign in front of it.'], ['An elderly couple walk past a Lucky Night Shop and a cafe.'], ['A man and woman are walking past a Lucky Night Shop.'], ['An elderly couple walking down the street.']]","[['An older man in a light green shirt and dark green pants holds the hand of an older woman as they pass an outside eatery with teal umbrellas.'], ['The old couple is walking past a colorful outdoor cafe.'], ['An older couple walks arm in arm past some shops.'], ['Two old people strolling the street.'], ['A couple walking down a street.']]"
<PIL.JpegImagePlugin.JpegImageFile image mode=RGB size=500x333 at 0x7CBB7F6EA720>,"[['A brown and white dog is on the edge of a pool looking at a yellow ball in the water.'], ['A small brown and white dog is standing on a platform next to a pool of water.'], ['A brown and white dog is standing on a ramp next to a pool.'], ['A dog stands on the edge of a pool with a ball in it.'], ['A small dog is standing on the edge of a pool.']]","[['A brown and white dog walks down a ramp toward a pool of water in which a green tennis ball floats.'], ['A brown and white dog is looking at a tennis ball floating in a pool.'], ['A brown and white dog looking into a pool at a tennis ball.'], ['A dog descends a ramp into the pool to get a tennis ball.'], ['A dog looking at a tennis ball floating in a pool.']]"
<PIL.JpegImagePlugin.JpegImageFile image mode=RGB size=500x375 at 0x7CBB9EE3BD10>,"[['A man in a white tank top and khaki shorts is looking at clothes hanging from a rack.'], ['A man looking at clothes hanging on a rack in a public park.'], ['A man looks at clothing hanging on a rack at an outdoor fair.'], ['A man is looking at a collection of clothing.'], ['A man looking at clothes.']]","[['A man in a white tank top stands next to a rack of colorful clothes in a grassy field filled with vendors.'], ['There are many families selling various wares, including clothes, in a park.'], ['An outdoor flea market with a variety of items being sold.'], ['A man sells clothing at an open market.'], ['Clothes swaying in the wind.']]"
<PIL.JpegImagePlugin.JpegImageFile image mode=RGB size=500x400 at 0x7CBB9D233410>,"[['A black dog is jumping over the chain link fence with a toy in its mouth.'], ['A black dog jumps over a fence while holding a toy in its mouth.'], ['The black dog is leaping over the fence with a toy in its mouth.'], ['A black dog jumps over a fence with a toy in its mouth.'], ['A black dog leaps over a chain-link fence.']]","[['A black and white dog with a blue toy in its mouth runs on a grassy surface just beyond a fence.'], ['A black dog is running pasts a wire mesh fence with a blue bone shaped toy in its mouth.'], ['A black dog is running with a blue bone in his mouth.'], ['A black dog running with a blue toy in his mouth.'], ['A dog is running with a blue bone in its mouth']]"
<PIL.JpegImagePlugin.JpegImageFile image mode=RGB size=500x332 at 0x7CBB9D1E1B20>,"[['A woman with a red headband sits in front of a woman with red-hair, with a tall building and stone building in the background.'], ['A woman in a white shirt and red headband sitting with her hand in the air.'], ['A woman with a red headband is sitting and holding a white banner.'], ['A woman in a white shirt and a red headband is holding a banner.'], ['A woman in a white shirt and red headband holding a flag.']]","[['A woman in white shirt and purple headband is sitting and holding a pole with white a cloth.'], ['A woman wearing a white shirt and a red headband is sitting and holding on to a pole.'], ['A woman in a white shirt, with a red bandanna holding the end of a sign post.'], ['A woman with a redhead band and tan pants sitting on steps with child.'], ['Woman in white sitting down and looking into the distance.']]"
<PIL.JpegImagePlugin.JpegImageFile image mode=RGB size=500x375 at 0x7CBB9DC69F70>,"[['A young boy is standing in the middle of the road and is pointing at a car that is coming towards him.'], ['A child in the middle of the road pointing at the cars that are approaching him.'], ['A boy pointing to a car in the distance in the middle of a road.'], ['A young boy is pointing at cars that are approaching him.'], ['A young child is pointing at a car in the road.']]","[['A male with brown clothing standing on the side of the street with his thumb out with a big bag on his back.'], ['A young boy, arms outstretched, stands by a road where two cars are passing.'], ['A boy wearing brown hitchhiking on a road with cars passing by.'], ['A child standing next to a road with automobiles passing by.'], ['A young kid standing on a road with passing cars.']]"
<PIL.JpegImagePlugin.JpegImageFile image mode=RGB size=334x500 at 0x7CBB9DC6BEF0>,"[['Three people dressed in black and white sailor hats, one of which is drinking a beverage and another holding a bottle, walk down a street with a crowd behind them.'], ['Three people wearing sailor hats walk down a street.'], ['Young people wearing sailor hats walk in a crowd.'], ['Three men and a woman wearing sailor hats walk.'], ['A crowd of people walking with a man drinking.']]","[['This photo shows a group of people walking and one man is holding a bottle of wine while handing a glass of wine to a woman walking near him.'], ['A man in a black shirt is walking down the street offering a glass of wine to a woman.'], ['A redheaded woman standing next to a man in a black jacket with a wine bottle.'], ['A man drinking in public, while making contact with a redheaded girl.'], ['Several people with white hats on with a black brim.']]"
<PIL.JpegImagePlugin.JpegImageFile image mode=RGB size=500x500 at 0x7CBB9EF93530>,"[['A woman wearing sunglasses, purple necklace, purple hat, purple shirt, black jacket and a black and white purse, holding a cup and a plastic bag.'], ['A woman with a purple hat, purple shirt, and black jacket walks through a market with a cup of coffee in her hand.'], ['A woman with a purple hat, purple shirt, and sunglasses holding a cup and bag is walking in a crowd.'], ['A woman with a purple hat, sunglasses, and purple necklace holding a Mud cup.'], ['A woman in purple hat and shirt walking with a Mud coffee cup.']]","[['An old woman with a purple shirt, and purple hair piece and a mud cup is walking the streets.'], ['A woman staring at the camera from behind sunglasses, holding a bag and coffee cup.'], ['Older woman in purple top with a purple flower in her hair.'], ['A woman is wearing a purple had with a large flower on it.'], ['Old lady carrying coffee down street.']]"
<PIL.JpegImagePlugin.JpegImageFile image mode=RGB size=375x500 at 0x7CBB9ED75BE0>,"[['Two men standing at the back of a truck, one wearing a yellow shirt, the other wearing a pink shirt, both wearing yellow grass skirts, a lei and a top hat.'], ['Two men in grass skirts and Hawaiian shirts stand in the back of a moving truck.'], ['Two men are standing in the back of a moving truck, wearing hula attire.'], ['Two men in Hawaiian shirts and grass skirts are standing in a truck.'], ['Two men in Hawaiian shirts and grass skirts.']]","[['Two men stand in hula grass skirts stand in the back of a truck at the top of a silver ramp.'], ['Two men in Hawaiian shirts and grass skirts are posing outside of a moving truck.'], ['Two men in hula skirts are standing at the top of a ramp in a truck.'], ['Two men are wearing hula skirts in the back of a moving truck.'], ['Two men dressed in hula skirts on the back of a moving truck.']]"
<PIL.JpegImagePlugin.JpegImageFile image mode=RGB size=500x375 at 0x7CBB9DDF1F40>,"[['Two older men walk in front of a bus and behind them is the word ""love"" written on the sidewalk.'], ['Two old men are walking down the street and passing a street with the word love written on it.'], ['Two older men walking in front of a bus with the word ""love"" written on the ground.'], ['Two men walking on a sidewalk with a bus behind them.'], ['Two older men walking on the street.']]","[['Two older men in business attire are walking in a city, text graffiti is visible on the sidewalk.'], ['Two men walk along a busy city street with words printed on the sidewalk.'], ['Two elderly people walk down a city sidewalk by words written in chalk.'], ['Two people walk down a city street that has writing on it.'], ['Two men walk through a city with words on the street.']]"
<PIL.JpegImagePlugin.JpegImageFile image mode=RGB size=500x375 at 0x7CBB9D233590>,"[['Two girls running through the water with a fountain in the background.'], ['Two young girls are playing in a swimming pool surrounded by fountains.'], ['Two young girls are running through a water fountain.'], ['Two young girls are playing in a water fountain.'], ['Two girls are running through water.']]","[['Two smiling little girls playing in a fountain with other people.'], ['Two young girls are running through shallow water at a pool.'], ['Two young girls run through a pool while water sprays them.'], ['Two girls running through pool while water sprays over them'], ['Two girls run through a sprinkler in a pool.']]"
<PIL.JpegImagePlugin.JpegImageFile image mode=RGB size=375x500 at 0x7CBB9DE273B0>,"[['A woman with glasses is having dental work done with a green mask in her mouth.'], ['A woman with a mouth guard in her mouth and a light in her face.'], ['A lady wearing a mouth guard is getting dental work done.'], ['A girl with glasses getting a dental procedure done.'], ['A woman with a green mouth mask in a dentist chair.']]","[['A woman in glasses has her eyes wide open while she is at the dentist.'], ['Lady with a green mask at the dentist and she just look very unhappy.'], ['A person wearing glasses is prepped for some kind of dental work.'], ['This woman is having some sort of dental procedure done.'], ['A woman with glasses is undergoing a dental procedure.']]"
<PIL.JpegImagePlugin.JpegImageFile image mode=RGB size=500x375 at 0x7CBB7F596F60>,"[['A skier is skiing down a snowy mountain wearing a helmet and goggles.'], ['A woman in pink pants skiing down a mountain.'], ['A woman in pink pants skiing down a hill.'], ['A woman skiing down a mountain.'], ['A woman skiing down a hill.']]","[['A man on skis on a snow-covered hill with mountains in the background'], ['A skier in red pants is on a snow covered slope.'], ['A person in red pants skis down a mountain.'], ['A man with red pants is skiing downhill.'], ['This person is skiing.']]"
<PIL.JpegImagePlugin.JpegImageFile image mode=RGB size=500x333 at 0x7CBBDE976C60>,"[['A guy with a gray shirt and black pants playing a drum set while his hair flies in the air.'], ['A young man with messy hair is playing the drums.'], ['A man is playing drums while his hair flies.'], ['A young man is playing the drums.'], ['A man is playing the drums.']]","[['A dark-haired drummer is playing his set with enthusiasm.'], ['A man in a gray shirt with crazy hair playing the drums.'], ['A guy in a black shirt is rocking on a set of drums.'], ['Man in gray shirt rocking out on the drums.'], ['A very excited drummer playing the drums.']]"
<PIL.JpegImagePlugin.JpegImageFile image mode=RGB size=334x500 at 0x7CBB9DE4C7D0>,"[['A man wearing a black vest and gray hat and sunglasses is in the air with a dog who is wearing a harness.'], ['A man is training a dog to attack him.'], ['A man in a vest is training a dog.'], ['A man is training a dog to attack.'], ['A man training a dog to attack']]","[['A man wearing padded arm protection is being bitten by a German shepherd dog.'], ['A man wearing pads on his limbs is being bitten by a dog.'], ['A man in a safety suit training a police German Shepherd.'], ['A man with a quilted glove is bitten by a dog.'], ['A man trains a dog to attack.']]"
<PIL.JpegImagePlugin.JpegImageFile image mode=RGB size=369x500 at 0x7CBBDEC1F470>,"[['A little boy in an orange construction suit and hard hat stands with his family on a deck overlooking a bridge.'], ['A family on a bridge looking at the road underneath them.'], ['A family of construction workers is on a bridge.'], ['A family on a bridge wearing hard hats.'], ['A family on a bridge.']]","[['Three men in yellow hard hats, two women, and a young boy are standing on an elevated platform viewing something below.'], ['Several construction workers next to a rail, with a child dressed as a worker.'], ['Three men in hard hats, a couple, and a child look down upon something.'], ['A group of people, some in hard hats, are looking at something.'], ['A little boy in a construction outfit stands with his parents.']]"
<PIL.JpegImagePlugin.JpegImageFile image mode=RGB size=500x375 at 0x7CBB7F6AFB00>,"[['A girl sitting on a bench drinks a drink while watching a dolphin pass by.'], ['A girl drinking a beverage, while sitting by the window to the ocean.'], ['A girl is sitting down and drinking a beverage.'], ['A girl sits and drinks a drink at an aquarium.'], ['A little girl drinks at the aquarium.']]","[['A blond girl is sitting drinking a soda and looking at a dolphin swimming in the background.'], ['A young girl sips from a drinking cup while gazing at a fish tank while a dolphin swims boy.'], ['A little girl at an aquarium sitting in front of a dolphin tank drinking something.'], ['A girl drinks from a straw while sitting near the glass of a dolphin enclosure.'], ['A girl drinking from a cup and enjoying the dolphin.']]"
<PIL.JpegImagePlugin.JpegImageFile image mode=RGB size=333x500 at 0x7CBB9F03F110>,"[['Two men wearing a red jersey and a red helmet with a white ""O"" and red stripe on the side are standing on a red bench.'], ['A football player wearing a red uniform with white lettering, looks to the side.'], ['A football player is wearing a red jersey with the number 28 on it.'], ['Two football players, one of which is player number 28.'], ['A football player in a red uniform looking on.']]","[['The Oklahoma football player watches the game from the sidelines.'], ['A man in a red football uniform and helmet looks to the left.'], ['A football player is in a red and white uniform Sooners #28.'], ['This football team wears red shirts and red helmets.'], ['A large football player in a red uniform']]"
<PIL.JpegImagePlugin.JpegImageFile image mode=RGB size=500x333 at 0x7CBB7F578EC0>,"[['A young boy with brown hair in a yellow, blue and white striped shirt is throwing a soccer ball.'], ['A child in a striped shirt is throwing a ball in the air.'], ['A little boy is throwing a ball with one hand.'], ['A child throws a soccer ball.'], ['A young boy throws a ball.']]","[['A boy in a striped shirt with his arm stretched out is outside with a soccer ball.'], ['A young boy smiles while playing with a soccer ball.'], ['A little boy is playing and there is a soccer ball.'], ['A little boy with a soccer ball flying.'], ['Young boy throws a white soccer ball.']]"
<PIL.JpegImagePlugin.JpegImageFile image mode=RGB size=500x375 at 0x7CBB7F523050>,"[['An indoor room with large windows and several white tables with people sitting at them.'], ['People of all ages socializing in a large dining room.'], ['Many people sit and stand in a restaurant.'], ['A group of people in a restaurant.'], ['People are sitting at tables.']]","[['A large amount of older people are sitting in a room full of tables talking with each other.'], ['A group of senior citizens are seated at round white tables as they wait for food.'], ['A room full of tables with elderly people sitting and standing around them.'], ['Many elderly people sit at tables with snow in the windows.'], ['A crowd of elderly men and woman socializing.']]"
