image,original_response_formatted,generated_response_formatted
<PIL.JpegImagePlugin.JpegImageFile image mode=RGB size=500x375 at 0x7885F0BAB620>,"[['The baby his a Cookie Monster outfit on he is happy he his a Gutter its red'], [""A child wearing a shirt decorated with Elmo's face holds a red ukulele.""], ['A toddler wearing an Elmo Christmas outfit holds a red guitar.'], ['A child wearing a santa elmo suit holding a red guitar.'], ['A child in a Elmo suit is playing the guitar.']]","[['A little girl in a red Elmo outfit plays with a red toy guitar.'], ['A little girl in a red Elmo outfit playing a red guitar.'], ['A little girl wearing a red Elmo onesie sits in front of a red Coca-Cola guitar.'], ['A little girl is playing with a red guitar in front of a cabinet.'], ['A young girl is playing with a red guitar in front of a wooden door and cabinets.']]"
<PIL.JpegImagePlugin.JpegImageFile image mode=RGB size=500x375 at 0x7885F0BA86B0>,"[['A man without a shirt runs through water spraying out of a large silver dome.'], ['A group of people are standing around a water fountain getting wet.'], ['People playing outside near a water fountain getting wet.'], ['A large crowd plays in and around a fountain.'], ['Sprinkler goes off in the middle of a crowd.']]","[['A man is walking down a wet, circular wall in a plaza as a crowd looks on.'], ['People are gathered around a fountain that is spraying water all over the place.'], ['The people are having fun at a water fountain in the city square.'], ['A group of people are standing by a fountain while some are playing in it.'], ['People are playing in a fountain while others look on from the ground behind them.']]"
<PIL.JpegImagePlugin.JpegImageFile image mode=RGB size=500x315 at 0x7885F0BAB590>,"[['A young woman in a blue shirt stands, holding a young girl in a denim dress.'], ['There is a woman holding her baby daughter while the daughter claps.'], ['A woman with holding a young girl playing with bubbles at a picnic.'], ['A woman is holding a little girl who is trying to catch bubbles.'], ['A lady holds a little girl who is trying to catch bubbles.']]","[['A young girl in a pink and blue dress reaches out to touch the bubbles that are being thrown at her by another person.'], ['A woman and a child are in a park, and the child is trying to catch bubbles.'], ['A woman holding a child who is playing with bubbles, while another child plays in the background.'], ['A little girl is reaching for bubbles in a park as a boy and another girl play in the background.'], ['A woman is holding a little girl who is wearing a denim dress and playing with bubbles in a park.']]"
<PIL.JpegImagePlugin.JpegImageFile image mode=RGB size=500x332 at 0x7885F0BAB740>,"[['A woman is walking down a trail with tall grass and a mountain in the background.'], ['A hiker jogs down a rocky road while blue skies and mountains cross the horizon.'], ['Woman jogging down a mountain trail with mountains in the background.'], ['A woman in yellow shir and black shorts is running along.'], ['A female runner running alone near a mountain.']]","[['A woman running on a path in the mountains on a sunny day.'], ['A woman in a yellow shirt walks down a dirt road with a mountainous landscape behind her.'], ['A woman is walking on a road while talking on her phone with mountains in the background.'], ['A woman with a yellow shirt is walking on a dirt path next to a mountain range.'], ['A woman wearing glasses and a yellow shirt is walking down a gravel road with mountains in the background.']]"
<PIL.JpegImagePlugin.JpegImageFile image mode=RGB size=332x500 at 0x7885F0BAB8C0>,"[['A large black gorilla peers down at a group of young people from above while the peer inside his enclosure from below.'], ['A group of young people stand in front of and touch a black, rusting metal structure.'], ['The stuffed gorilla is laying on top of the stack of speakers.'], ['Young people stand underneath a large stuffed gorilla.'], ['People stand in front of a black wooden contraption.']]","[['A group of people are looking at a large black structure with a giant gorilla hanging from it.'], ['A man in a green shirt is looking through a telescope at a bear on top of a stage. There are people around him looking up at the bear.'], ['A large number of people are gathered at an event with a giant gorilla in the background.'], ['A group of people are looking up at a large speaker system at a festival event.'], ['A group of people looking up at a large black object in the air that is furry and furry.']]"
<PIL.JpegImagePlugin.JpegImageFile image mode=RGB size=500x335 at 0x7885F0BA9280>,"[['A band with four members, one female, plays for a small audience.'], ['A woman in a blue dress sings while her bandmates play instruments.'], ['A 5-person band is performing on a stage inside a tent.'], ['A musical quintet are performing at a festival.'], ['Three men and one woman in a band on a stage.']]","[['A man and woman are performing on stage with their instruments and a cat sitting behind them. They are both singing.'], ['A band is playing at a tent where a white banner says ""Entertainment"". One of the members is singing.'], ['A man in a gray t-shirt and jeans is playing a guitar on stage with a female singer and another male guitar player in the background.'], ['A woman in a blue dress is singing in front of a man playing guitar and another man playing keyboard and drums.'], ['A man and a woman playing a keyboard and guitar in front of a banner that says ""Entertainment"".']]"
<PIL.JpegImagePlugin.JpegImageFile image mode=RGB size=500x333 at 0x7885F0BABCB0>,"[['A man holding guitar and works at an Asus betbook, whilst another man works an Apple netbook beside him.'], ['Two men seated, one holding a guitar, looking at laptop computer screens.'], ['Two men looking at little white laptops and holding a guitar.'], ['Two men working on there apple laptops.'], ['Two men are using their laptops.']]","[['Two men, one playing guitar and the other on a laptop, sit at a table with many electronic devices.'], ['Two men, one with a guitar and one with a cigarette, are playing on their Apple computers at a table in a room with a window.'], ['A man with a guitar is sitting at a table with a man in a black hoodie playing a white laptop computer.'], ['Two men, one wearing a guitar and one with a pencil in his mouth, are sitting in front of laptops and are playing a game together.'], ['A man with a cigarette in his mouth is sitting next to another man who is playing a guitar and using a laptop computer.']]"
<PIL.JpegImagePlugin.JpegImageFile image mode=RGB size=500x335 at 0x7885F0BABA70>,"[['A man wearing a suit walks next to a building support column with palm trees in the background.'], ['An interesting square is surrounded by people commuting to their desired destinations.'], ['In a modern building, employees cross paths with the janitor with an orange trashcan.'], ['The outside of a business is shown with a trashcan and four people walking around.'], ['Several people walk past a mirrored pillar in a public concourse.']]","[['A woman is sweeping the ground while a man in a suit walks by. A woman in a purple shirt walks by in the background.'], ['The man is walking past a person who is holding a mop and looking at a reflection of the building that is behind him.'], ['A man wearing a suit walks by a woman in a purple shirt as she walks past a man who is sweeping the ground in an office building.'], ['A man in a suit walks past a woman sweeping in a large room with glass walls and a palm tree in the background.'], ['A man in a black suit and a woman in a pink shirt walk past a woman in a white shirt and black pants sweeping the floor.']]"
<PIL.JpegImagePlugin.JpegImageFile image mode=RGB size=500x375 at 0x7885F0BABB60>,"[['A man in a plaid suit and clown makeup plays guitar, while a man in a brown shirt head bangs and a woman plays bass in the background.'], ['A band consisting of a female bassist, a male face-painted guitarist, and an average-looking vocalist rock out on stage.'], ['A guy in a brown shirt, a girl in a black shirt, and a guy in a plaid suit are playing in a band.'], ['A man in a T-shirt and jeans is dancing in front of a man and a woman playing electric guitars.'], ['A man in a plaid suit playing guitar with a woman and another man.']]","[['A man is singing in front of a band while a clown plays the guitar behind him.'], ['A man wearing a brown shirt is standing in front of a microphone on stage.'], ['A man in a brown shirt and jeans is singing into a microphone.'], ['A man is performing at a party in a plaid suit while the audience watches him.'], ['A man with a band is holding a piece of paper while he plays music.']]"
<PIL.JpegImagePlugin.JpegImageFile image mode=RGB size=500x333 at 0x7885F0BABC50>,"[['A group of people are varying degrees of underwater in a pool, with an older man clad in American flag swim trunks the furthest underwater.'], ['A man, in the American flag swim trunks, swims underneath other at a pool.'], ['A number of people are diving and swimming in a body of water.'], ['The people swim above and under the water in the pool.'], ['Old man in swimming pool having fun swimming']]","[['People in the water in swimsuits and a man with an American flag swim trunk in the foreground.'], ['A man in swim trunks is swimming underwater with a group of other people.'], ['A man in red, white, and blue swim trunks is swimming underwater.'], ['A man with a shaved head is swimming underwater with people behind him.'], ['A man in an American flag bathing suit is swimming under water with many other people.']]"
<PIL.JpegImagePlugin.JpegImageFile image mode=RGB size=500x375 at 0x7885F0BABD10>,"[['A man with a rolling stones t-shirt on with beige pants sitting in a highchair adjusting a black guitar'], ['Young man wearing a rolling stones black t-shirt playing a guitar.'], ['A young shaved head man is tuning his guitar.'], ['A young man tunes his guitar in the kitchen.'], ['A guy sitting on a chair tunes his guitar.']]","[['A man with a black t-shirt is playing a black acoustic guitar on a wooden floor.'], ['A man in a black Rolling Stones shirt is playing his guitar in a kitchen.'], ['A man in a Rolling Stones shirt is sitting down and playing a black acoustic guitar.'], ['A man in a black shirt plays a guitar in his kitchen while sitting on a chair on a brown mat.'], ['A man is playing a guitar in a kitchen area while sitting on a chair.']]"
<PIL.JpegImagePlugin.JpegImageFile image mode=RGB size=500x500 at 0x7885F0BABD40>,"[['Two people in the foreground look like shadows against the neon signs of the businesses at night.'], ['A photo of a couple walking down the street with Chinese characters written on the signage.'], ['A man in a red raincoat is looking to the opposite site of the camera.'], ['A couple embrace as they look at the Asian signs in the distance.'], ['Couple in shadow walks away from a lit storefront toward camera']]","[['Two men walking down the street at night in front of a brightly lit Chinese restaurant.'], ['There are people walking down a sidewalk in a foreign country at night.'], ['A man in a black suit is walking down the street at night in a foreign city.'], ['People walking down the street at night, in front of many Asian shops.'], ['People on a dark street with a neon sign on the left and many signs to the right of the street.']]"
<PIL.JpegImagePlugin.JpegImageFile image mode=RGB size=500x375 at 0x7885F0BABE00>,"[['Person in yellow shorts, gray shirt with logo jumping from bank into the water.'], ['A young person wearing a gray shirt and yellow shorts jumping into a river.'], ['A boy high in the air above the dirt and water near the red rock cliffs.'], ['The boy in yellow shorts leaps from riverbank towards the river.'], ['A medium sized child jumps off of a dusty bank over a creek.']]","[['A person jumping over a river bank in a scenic canyon.'], ['A woman in a gray shirt and yellow shorts jumping up on a sandbank near a river.'], ['A man in yellow shorts is jumping up in the air near a river and rocky cliffs.'], ['A boy in yellow shorts and a gray shirt jumping on a rocky bank beside a lake.'], ['A boy wearing a hat and yellow shorts is jumping up by a river.']]"
<PIL.JpegImagePlugin.JpegImageFile image mode=RGB size=500x375 at 0x7885F0BABF20>,"[['Two people sit in the dark, on the shore, looking at the city lights.'], ['The couple is sitting near the water in lawn chairs.'], ['Two people on cots watching the water at twilight.'], ['Two people sitting in the shadows near the water.'], ['Two people relax by the water.']]","[['A couple sits on a dock with a mountain in the background at dusk.'], ['Two people are sitting on a boat with a mountain in the background.'], ['Two people are sitting on a bridge looking over the water, there are mountains in the background.'], ['Two people sitting on a dock next to the water with mountains in the background.'], ['A couple sits on a dock, watching the water, at sunset.']]"
<PIL.JpegImagePlugin.JpegImageFile image mode=RGB size=373x500 at 0x7885F0BAC260>,"[['A middle-aged woman with a young, edgy red haircut is looking down at shallots she is cutting up in a restaurant kitchen on a cutting board.'], ['A woman in a striped shirt uses a cutting board and knives to cut some vegetables.'], ['A woman in a black and mint shirt preparing food during a cooking class.'], ['An older woman with short red-hair is preparing food in a kitchen.'], ['A dyed red-haired women prepares an onion in a commercial kitchen.']]","[['A woman with purple hair is cutting onions at a kitchen counter while several people are in the background.'], ['A woman in a striped shirt is cutting onions on a white cutting board with a knife.'], ['A woman in a black and white striped shirt cutting up food on a cutting board in a kitchen.'], ['A woman is preparing food in a kitchen while wearing a plastic apron and cutting an onion on a cutting board.'], ['A woman with red-hair is cutting vegetables on a cutting board with a large knife while wearing an apron and a striped shirt.']]"
<PIL.JpegImagePlugin.JpegImageFile image mode=RGB size=500x371 at 0x7885F0BAC380>,"[['There are three men on horses, 2 with red shirts, and the third with a white shirt is getting bucked off while people spectate.'], ['Three men on horses, one of them with his legs up in the air is being bucked off his horse.'], ['Two men on horses look on as another man is bucked off the back of his horse.'], ['Two men on horseback watch as another man is thrown from his bucking horse.'], ['Three men are riding horses in the rodeo with spectators watching.']]","[[""A man in red shirt and cowboy hat is riding a brown and white horse. The man is holding onto the reins of the horse's head and has his feet off the horse's back.""], ['A person in a red shirt is riding a horse in a rodeo with a crowd of onlookers behind him.'], ['A man in a red shirt and cowboy hat is riding a brown and white horse at a rodeo while spectators watch.'], ['A man is riding a horse and holding onto the saddle. He is in the middle of a rodeo competition.'], ['A man in a red shirt is riding a brown and white horse on a dirt field with another man in a red shirt in the background.']]"
<PIL.JpegImagePlugin.JpegImageFile image mode=RGB size=500x375 at 0x7885F0BAC440>,"[['Four skaters are competing in a high speed skating competition, and turning on the track.'], ['Four athletes from two different teams are competing in their sport on the ice rink.'], ['Four people turn a corner in a speed skating event.'], ['Four women participating in an ice-skating race.'], ['Four ice skaters racing around a corner.']]","[['A group of four people on an ice rink in racing competition.'], ['Two men are racing on a track, one in a red shirt and the other in a black and white one.'], ['A group of people are on an ice rink in uniforms, and some are on their hands and knees.'], ['A group of men competing in a speed skating race.'], ['A group of people are playing on the ice. They are all wearing yellow helmets.']]"
<PIL.JpegImagePlugin.JpegImageFile image mode=RGB size=375x500 at 0x7885F0BAC500>,"[['A man in a snazzy silver suit is playing the keyboard and singing.'], ['A man, dressed in white, plays the piano and sings on stage.'], ['A man dressed in white plays a keyboard as his band performs.'], ['Musician is dressed in white and playing keyboard with band.'], ['A man in a white outfit is playing an electric keyboard.']]","[['A man in a white suit and white hat is standing on a stage, playing an instrument.'], ['A man in white is standing in front of a keyboard and playing it.'], ['A man in a white outfit plays a keyboard on a stage with various instruments.'], ['A man in white is playing a keyboard on a stage with his band.'], ['A man is playing a keyboard on a stage with a band. He is dressed in white.']]"
<PIL.JpegImagePlugin.JpegImageFile image mode=RGB size=333x500 at 0x7885F0BAC590>,"[[""A group of people are standing on a city street at night; in the background are streetlights and a McDonald's restaurant.""], ['A man wearing a green jumpsuit pushing a wagon is waiting to cross the street.'], ['A cleaning woman in a bright uniform is pushing a cart.'], ['A city worker pushing a mobile garbage bin.'], ['An old man cleaning trash on the street.']]","[[""A man in a green uniform is pushing a cart down the street in the city. He is carrying a trash bag on the cart and is pushing it with his right hand. He is wearing a bright yellow jacket and green pants. A McDonald's restaurant is in the background. People are walking around the street, including a man and woman in the foreground. A car is driving by on the street. The street is lit up and has a McDonald's sign and a street lamp in the background.""], ['Two people on a city sidewalk look back at a man pushing a green and white cart down the street.'], ['A man in a green uniform is pushing a cart with a blue box on it, as people pass him on the street. A car is driving down the street in the background.'], [""A man and woman in green are pushing a large black cart with green and white signs on it in front of a McDonald's restaurant.""], [""A man in green pants and yellow jacket is pushing a cart down a busy street. He is looking at a McDonald's sign.""]]"
<PIL.JpegImagePlugin.JpegImageFile image mode=RGB size=500x334 at 0x7885F0BAC620>,"[['Man in a black shirt with a watch grilling many hotdogs on a stainless steel barbecue.'], ['A man grills sausages on a large steel grill.'], ['A man grilling hotdogs on a gas grill.'], ['A man grilling hotdogs and sausages.'], ['A man is grilling sausages.']]","[['A man in a black shirt grills sausages on a barbecue grill with his knives nearby.'], ['A man in a black shirt is cooking sausages on a grill outdoors.'], ['A man in a black shirt is cooking sausages on a grill outside.'], ['A man in a black shirt grilling sausages at a barbeque.'], ['A man wearing a black shirt is grilling a lot of sausages in a grill outside.']]"
<PIL.JpegImagePlugin.JpegImageFile image mode=RGB size=500x375 at 0x7885F0BAC6B0>,"[['A girl in a blue dress, wearing a blue sweater, hanging out in a tree.'], ['A girl in a blue school uniform climbs a tree and stops for a picture.'], ['A woman in formal clothing climbing a tree.'], ['Girl in school outfit atop a tree.'], ['A schoolgirl climbing a tree.']]","[['A girl in a blue sweater is standing in a tree looking down at the camera.'], ['A woman is hugging a tree with her hands and a smile on her face.'], ['A young girl in a blue school uniform is climbing a tree outside of her school.'], ['A girl is climbing up a tree trunk with her hands and feet.'], ['A woman in a blue jacket is climbing a tree in a school uniform.']]"
<PIL.JpegImagePlugin.JpegImageFile image mode=RGB size=440x500 at 0x7885F0BAC770>,"[['A young woman wearing a red shirt stands in a soccer goal and kicks a ball.'], ['A goalie in a red uniform kicks at the soccer ball to protect the goal.'], ['A female kicking a soccer ball while in front of a soccer goal.'], ['The young ladie takes a goalie kick during a soccer match.'], ['A soccer player in a red uniform just kicked a ball.']]","[['A young woman in a red shirt and black shorts is kicking a soccer ball.'], ['A boy in red plays soccer in front of a goal with a white ball in his hand.'], ['A young man is hitting a soccer ball with his foot during a soccer game.'], ['A young man in a red uniform is hitting a soccer ball in front of a goal net.'], ['A boy in a red shirt is playing soccer in a field with a net behind him.']]"
<PIL.JpegImagePlugin.JpegImageFile image mode=RGB size=500x375 at 0x7885F0BAC800>,"[['Male in a striped short-sleeve shirt, jeans, and brown shoes falling asleep while sitting down.'], ['A man in jeans and a striped short shirt is sitting on a stoop and sleeping.'], ['A man in a striped shirt and blue jeans asleep on a stoop.'], ['A man is sitting on the floor, sleeping.'], ['A male taking a nap on a hot afternoon.']]","[['A man in a blue striped shirt sleeping on the sidewalk on a mat.'], ['A man sits on a bench with a newspaper in the background.'], ['A man in a striped shirt is sleeping on the sidewalk next to a newspaper stand.'], ['A man in a striped shirt sleeping on a black and white bench on the street.'], ['A man is sitting on a bench while holding a stick with fire on the end of it.']]"
<PIL.JpegImagePlugin.JpegImageFile image mode=RGB size=500x375 at 0x7885F0DC7DD0>,"[['A man on a boat feeding many water birds and two parents in chairs with their little girl on the side.'], ['A man in a boat wearing a white shirt is holding a buoy while being surrounded by swan.'], ['A flock of swans gathers around a person in a boat on a sunny day.'], ['Swans are gathering around a man and a boat.'], ['Man riding in boat feeds group of swan.']]","[['A man is in a boat on a lake full of white swans and other birds.'], ['A man in a boat surrounded by swans and other waterfowl on a canal.'], ['A man in a white shirt and tan hat feeds swans on a lake while people sit on a grassy area behind him.'], ['A man is standing in a boat while swans swim in the water around him.'], ['A man is standing in a boat with white swans in a waterway with people sitting on the bank watching him.']]"
<PIL.JpegImagePlugin.JpegImageFile image mode=RGB size=500x375 at 0x7885F0BAC8F0>,"[['A dog walks through the leaves with a large stick in his mouth.'], ['A yellow dog plays with a large stick in the grass.'], ['A golden retriever is biting a branch in a yard.'], ['A golden dog has a long stick in its mouth.'], ['A dog carries a stick in its mouth.']]","[['The golden colored dog is holding a branch in his mouth and standing on the grass with fallen leaves.'], [""['A golden retriever in a grassy area with leaves on the ground holding a stick in its mouth.', 'A dog is holding a stick in its mouth while standing in the grass.', 'A tan colored dog holding a stick in his mouth', 'A golden retriever with a stick in his mouth.', 'A golden retriever holds a stick in its mouth']""], ['A blond dog is holding a stick in his mouth while he stands on a grassy field.'], ['A dog is holding a stick in its mouth and is standing on some grass covered in leaves.'], ['A large dog is chewing on a stick while standing in the grass.']]"
<PIL.JpegImagePlugin.JpegImageFile image mode=RGB size=333x500 at 0x7885F0BAC980>,"[['Asian woman wearing jeans and a tank top while playing an electric guitar inside a house.'], [""A woman playing an electric guitar that doesn't have any strings.""], ['A chinese girl playing a guitar standing in front of a cough.'], ['A woman with a flowered lei is playing the guitar.'], ['An Asian teen girl playing an electric guitar.']]","[['A young woman is sitting on a couch playing with a toy electric guitar.'], ['A young woman in a tank top and jeans holding a black and white guitar.'], ['A woman in a white tank top is playing the electric guitar.'], ['A woman is playing guitar hero and is looking up at the screen.'], ['A woman is holding a guitar and smiling at the camera while sitting on a couch.']]"
<PIL.JpegImagePlugin.JpegImageFile image mode=RGB size=344x500 at 0x7885F0BACA10>,"[['A person in a statue of liberty costume with shades stands motionless in a crowd of people.'], ['A Statue of Liberty street performer stands outside while pedestrians pass.'], ['A human statute dressed as the Statute of Liberty stands among a crowd.'], ['Man looking at The Statue of Liberty with sunglasses on.'], ['A mock statue of liberty is standing in the crowd.']]","[['A man in a white shirt and backpack is looking at a statue of liberty in the city.'], ['A man in a white shirt holding a flag walks with a woman behind him while a man in sunglasses dances in the foreground.'], ['A person dressed as the Statue of Liberty is standing in the middle of a crowded street while a man in a white shirt watches him.'], ['A street performer dressed as the Statue of Liberty is performing for a crowd of people. The person is holding a flag and wearing sunglasses.'], ['A person dressed like the Statue of Liberty is standing in the middle of a crowd of people holding an American flag.']]"
<PIL.JpegImagePlugin.JpegImageFile image mode=RGB size=333x500 at 0x7885F0BACAD0>,"[['A snowboarder wearing a black and white striped jacket is kicking up some snow.'], ['A snowboarder poses for the camera while doing a trick.'], ['A man in a zippered jacket snowboarding.'], ['A man in a prison suit is snowboarding.'], ['A snowboarder in stripes.']]","[['A man in a striped shirt and black pants is jumping in the snow.'], ['A man in a black and white striped shirt is kicking up snow as he is on a snowboard.'], ['A man wearing a black and white striped shirt, blue hat, and yellow and black snowshoes kicks his feet in the air as he snowboards on a snow covered path.'], ['A man in a striped shirt, black pants, and yellow shoes is practicing snowboarding at night.'], ['A person in a striped shirt and yellow and blue shoes is jumping in the snow at night.']]"
<PIL.JpegImagePlugin.JpegImageFile image mode=RGB size=500x334 at 0x7885F0BACB90>,"[['A woman is looking through a scientific instrument at a small piece of technology.'], ['Woman looking through a high-powered microscope at a bacteria in a small vial'], ['A woman in a lab coat is looking into a microscope in a lab.'], ['There is a scientist looking through a microscope.'], ['A female researcher videotaping a specimen.']]","[['A woman in blue is on top of a machine with a man in blue in the background doing something with his hand.'], ['A woman with dark hair in blue scrubs is using a microscope in a lab setting while another person looks on.'], ['A man in blue is sitting on a machine while a woman in blue is looking at it through binoculars.'], ['A woman in blue scrubs is working on a machine while another person is doing something in the background.'], ['A woman in blue is working at a microscope while another woman is behind her doing something with a tool.']]"
<PIL.JpegImagePlugin.JpegImageFile image mode=RGB size=500x333 at 0x7885F0BACC50>,"[['A person in a hat walking their dog in front of a building with large chain-linked fences surrounding it.'], ['A person in a blue jacket walks his golden dog in front of an abandoned building.'], ['A man walks an orange dog in front of a building with a rusted chain fence.'], ['A bad neighbor hood were there is vandalism on the buildings'], ['A man walks a large dog past a barricaded building.']]","[['A man walks his dog in front of a building with graffiti on it.'], ['A man walks his dog past a white building with a bunch of graffiti on it.'], ['A man is walking his dog in front of a building with graffiti on it.'], ['A man walks a dog in front of a building with graffiti on it.'], ['A person and a dog walk in front of a white building with graffiti on it.']]"
<PIL.JpegImagePlugin.JpegImageFile image mode=RGB size=500x375 at 0x7885F0E6D310>,"[['Two women are outside with a basket picking produce.'], ['Young women pick strawberries in a field.'], ['Two girls picks berries from a field.'], ['Two women harvesting their garden.'], ['Gardening is fun and relaxing.']]","[['Two people are looking at a garden while one woman is holding a basket.'], ['A woman in a purple shirt and a woman in a black jacket are looking at something on the ground near a plant.'], ['Two women are looking at a green plant while one of them has a basket by her side.'], ['Two women are looking at a strawberry patch with a basket at the ready.'], ['Two women are picking up plants in a field with a basket at their feet.']]"
<PIL.JpegImagePlugin.JpegImageFile image mode=RGB size=500x347 at 0x7885F0BACD40>,"[['A person with dark hair is eating a very large ear of corn.'], ['The child with black hair is eating corn on the cob.'], ['A black-haired girl is eating corn on the cob.'], ['A man is eating a piece of corn on the cob.'], ['A man is nibbling on an ear of corn']]","[['Two children, one boy and one girl, eating corn on the cob, with their eyes closed.'], ['A boy with black hair and a black shirt holding up a corn cob to his mouth.'], ['A woman is holding a corn on the cob in front of her mouth.'], ['A young person with black hair is biting a piece of corn on the cob.'], ['Two kids are eating a corn on the cob and one of them is eating a little too much.']]"
<PIL.JpegImagePlugin.JpegImageFile image mode=RGB size=500x333 at 0x7885F0BACE30>,"[['A woman wearing a cowboy hat and a pink shirt is ridding a horse in a competition.'], ['Someone in a pink shirt is riding a brown horse in a rodeo.'], ['A woman in a pink shirt wears rides a horse in a rodeo.'], ['The brown horse is next to a red barrel at the rodeo.'], ['A cowgirl corners a barrel riding a horse.']]","[['A woman in a pink shirt is riding a brown horse next to a red Dodge logo on a red barrel.'], ['A person in a pink shirt riding a horse in a rodeo arena with a red barrel.'], ['A woman wearing a pink shirt riding a horse with a red dodge sign on it.'], ['A woman in a cowboy hat riding a brown horse around a red barrel in a rodeo ring.'], ['A woman wearing a cowboy hat is riding a brown horse around a red Dodge barrel.']]"
<PIL.JpegImagePlugin.JpegImageFile image mode=RGB size=500x375 at 0x7885F0BACEC0>,"[['One older man in a game preserve is standing with ear protection on while a younger man not wearing ear protection holds a rifle.'], ['A person, standing outside, in a green sweater holds a shotgun as a man wearing ear protection looking at him.'], ['At the shooting range, a man in a green jacket practices his shooting.'], ['1 man with rifle in hand and other instructing at a shooting range'], ['Two men shoot a shotgun at a shooting range.']]","[['A man in a green shirt holds a gun while a man in a brown vest looks away from him.'], ['A man in a green shirt and green pants is holding a gun, while another man wearing a green hat and a brown vest is clapping his hands together.'], ['A man with a hat and headphones is holding a shotgun while a man in a green shirt stands next to him.'], ['Two men wearing headphones and ear protection, one with a gun, standing in a field.'], ['A man in a green jacket and jeans is holding a rifle in a field, while another man stands next to him with his hands up.']]"
<PIL.JpegImagePlugin.JpegImageFile image mode=RGB size=500x375 at 0x7885F0BACF80>,"[['Pink shirted woman sleeping in a car with blue and white blanket on her.'], ['A woman in a pink shirt wrapped up in a blue blanket asleep in a car.'], ['A woman in a red shirt is under a blanket and sleeping in a vehicle.'], ['A lady with brown hair in a pink shirt sleeping in a car.'], ['A woman sleeps under a blue and white blanket in a car.']]","[['A woman in a red shirt is sleeping in a car with a blanket on her legs.'], ['A woman in a red shirt is sleeping in a car with a blue and white blanket on her.'], ['A woman wearing a pink shirt and blue blanket is sleeping in a car.'], ['A woman sleeping in the back of a car while being wrapped in a blue blanket.'], ['A woman in a pink shirt sleeping in the back of a car.']]"
<PIL.JpegImagePlugin.JpegImageFile image mode=RGB size=500x332 at 0x7885F0BAD010>,"[['A man in a green coat crossing the street with graffiti in the background.'], ['A man in a coat is walking across a city street during a snowstorm.'], ['A man is crossing a street which is lined by a wall of graffiti.'], ['A man is walking across the street while it is snowing.'], ['Man walking across the street in the snow.']]","[['A man is walking down the street in the rain, with snowflakes falling from the sky.'], ['A man in a black jacket and khaki pants walks down a snowy street past a truck and a wall with graffiti on it.'], ['A man in a dark jacket and beige pants is walking across the street during a snowstorm.'], ['A man walking down the street on a snowy day with a wall with graffiti on it behind him.'], ['A man walks past a wall with a large truck on the left side of the street.']]"
<PIL.JpegImagePlugin.JpegImageFile image mode=RGB size=500x333 at 0x7885F0BAD0D0>,"[['A man with a ""Backyard Babies"" has a black box in front of him and a crowd on chairs behind him.'], ['A man is kneeling in the top step while many people are behind him sitting in chairs.'], ['A man sits on the stage giving technical assistance for a performance.'], ['Crowd behind man working projector'], ['A man sitting in front of a stage']]","[['A man is sitting on a chair in front of a group of people, while holding a boom box and wearing headphones.'], ['A man in a baseball tee is squatting down and sitting on a table as he has a crowd behind him.'], ['A baseball player in a crowd of people, sitting down and looking at something.'], ['A young man in a Backyard Babies t-shirt is sitting in front of a crowd of people in a parking lot.'], ['A man in a black and white baseball shirt is in front of a group of people on a street.']]"
<PIL.JpegImagePlugin.JpegImageFile image mode=RGB size=500x500 at 0x7885F0BAD160>,"[['Two girls have their picture taken from an unusual angle as they sit on a bench between plantings of beautiful flowers.'], ['Two young women are standing in the middle of a flower garden with their arms wide open.'], ['There are lots of beautiful pink and white flowers and two Asian girls playing in them.'], ['Two girls in a bed of flowers with their arms stretched out.'], ['Two girls pose for a picture among vibrant flowers.']]","[['Two Asian women are standing with arms outstretched in front of a flower bed.'], ['A woman and two girls with black hair stand behind a row of pink and white flowers.'], ['Three people with black hair are standing in a flower garden with their arms outstretched.'], ['Two women with black hair in a flower garden with their arms outstretched.'], ['Three people standing in a flower garden with their arms outstretched.']]"
<PIL.JpegImagePlugin.JpegImageFile image mode=RGB size=332x500 at 0x7885F0BAD220>,"[['A group of people works hard to paddle their boat.'], ['A group of people on a boat paddle with oars.'], ['Black men in white tops riding a boat.'], ['Paddlers are getting in a water fight.'], ['Guys in a canoe competition race.']]","[['A man is sitting in a rowboat while a group of people stand on the back of it.'], ['A group of people are rowing a boat in a lake as the water splashes up from the back of the boat.'], ['A group of people paddling a boat through a body of water with trees in the background.'], ['A man is holding a large stick over the water in a boat with others.'], ['A man is splashing water while racing in a boat with other people on it.']]"
<PIL.JpegImagePlugin.JpegImageFile image mode=RGB size=500x375 at 0x7885F0BAD2B0>,"[['A boy is jumping on yellow spots that are painted on the floor of a water fountain.'], ['A person in the air above a water spout in the blue and yellow floor.'], ['A small child is chasing water squirts in a fountain.'], ['A boy enjoys puddle jumping on the big yellow dot.'], ['Young child jumping in the air.']]","[['A child is standing on yellow circles while water shoots up from the ground beneath his feet. He is wearing blue shorts and a gray shirt.'], ['A young boy wearing blue shorts is walking across a yellow and blue playground surface with water sprays and a stone wall behind him.'], ['A person is playing in a blue and yellow water splash pad, with water shooting up from the ground behind them.'], ['A man in blue shorts and a gray shirt is standing on yellow circles on the ground in front of a wall and water sprinklers.'], ['A barefoot boy in blue shorts and a blue shirt plays at a water park, with water sprinklers around him, and he is standing on yellow discs in a blue pool of water.']]"
<PIL.JpegImagePlugin.JpegImageFile image mode=RGB size=332x500 at 0x7885F0BAD340>,"[['Two men, one looking through binoculars, one looking through a scope at something out of frame.'], ['Two men, both wearing hats, one using binoculars and the other holding a camera.'], ['Two men taking pictures in a secluded area, and they are wearing camping gear.'], ['Two older men are wearing outdoor clothing while using binocular devices.'], ['Two men wearing outdoor gear looking through binoculars.']]","[['A man in a white hat is looking through a lens while another man looks on.'], ['A man in a hat and vest is looking through a camera while another man looks through binoculars in a forest setting.'], ['An older man is looking at his camera while another man is holding his camera up to his eyes.'], ['Two men in green and brown are looking through binoculars and a camera on a tripod.'], ['A man in a green shirt and hat looks into a camera while another man looks into a binoculars.']]"
<PIL.JpegImagePlugin.JpegImageFile image mode=RGB size=500x333 at 0x7885F0BAD3D0>,"[['Two young women running, one wearing a green shirt and the other wearing a gray shirt with a race tag ""5028"" with an ambulance and a Coca-Cola machine in the background.'], ['Here is a picture of two teenage girls running on the side of the street in a race and there is an ambulance watching them.'], ['Two dark-haired young women dressed in t-shirts are running in a race.'], ['Two young women with numbers on their shirts run along a street.'], ['Two ladies running in front of a Coca-Cola ad.']]","[['Two women in green and gray t-shirts are running in a race. One of them is wearing a race number 5028.'], [""A girl in a green shirt and another in a gray shirt are running in a race.', 'Two girls in green and gray shirts are running in a race.', 'A young girl in a green shirt is running in a race.', 'Two young women running in a race.', 'Two girls run in a race.']""], ['A woman in a green shirt is jogging in a race with an ambulance in the background.'], ['Two women are running past a large Coca Cola poster and an ambulance, one in green, the other in gray.'], ['A woman wearing a gray shirt with a number on it is standing in front of an ambulance with other people in the background.']]"
<PIL.JpegImagePlugin.JpegImageFile image mode=RGB size=500x361 at 0x7885F0BAD490>,"[['Tourists stroll the streets between historic buildings.'], ['Some people are walking through a tourist attraction.'], ['Groups of people are walking out a short dark tunnel.'], ['A man walks a few feet in front of a family.'], ['An old man walking with a folder in his hand']]","[['A man in a white shirt and khakis stands in front of a building with several people behind him.'], ['A man in a white shirt is standing outside with a group of people behind him.'], ['A man in a white shirt and khaki pants is walking in front of a group of people.'], ['A man in a white shirt is walking down the street with a few people behind him.'], ['A man in a white shirt and khaki pants is walking down the street.']]"
<PIL.JpegImagePlugin.JpegImageFile image mode=RGB size=500x333 at 0x7885F0BAD520>,"[['Two people dressed in their bicycle attire racing against each other or in a marathon race, racing on pavement.'], ['Two people are riding bicycles next to each other on ground with grass in the background.'], ['Two cyclists in blue uniforms compete against each other down the bicycle course.'], ['Two men racing down a street in a bicycle race.'], ['Two men ride there bike during the race.']]","[['Two men in blue and white shirts and green and white shorts are riding bicycles on a road in the country.'], ['Two men wearing biking gear are racing down a road in a grassy area, one with a helmet and the other without.'], ['Two men are riding their bicycles on a track, one wearing a blue and white jersey and the other wearing a white and black jersey.'], ['A man in a blue and white uniform is riding a bike, with another man behind him, on a paved road with grass on either side.'], ['Four men on bikes racing, one man is wearing green and red shoes and is leading the pack.']]"
<PIL.JpegImagePlugin.JpegImageFile image mode=RGB size=354x500 at 0x7885F0BAD5B0>,"[['An older South American woman is knitting colorful hand warmers and enjoying herself.'], ['A woman with an orange knitted object on her hand and another in her lap.'], ['A woman is inspecting an ankle warmer.'], ['A woman is trying on knit arm warmers.'], ['An older woman trying on a new glove.']]","[['An older woman is wearing a green sweater and sitting on a couch with her hands full of colorful fabric.'], ['An older woman is sitting and playing with her colorful toys.'], ['A woman wearing a green shirt is holding up a colorful, knitted object while sitting on a cushion.'], ['A woman sits on a wavy patterned cushion in front of a red wall and works on a colorful item made of string and fabric.'], ['An older woman is sitting down and making something out of yarn and string.']]"
<PIL.JpegImagePlugin.JpegImageFile image mode=RGB size=500x236 at 0x7885F0BAD670>,"[['Two men in pink jerseys, two men in white jerseys, and one man in a black jersey and black helmet, are playing field hockey.'], ['Two teams, one in pink and one in white, play lacrosse on a field.'], ['A man playing field hockey with his team jumps in the air.'], ['Five men are playing lacrosse on a field.'], ['Five men playing an interesting sport.']]","[['A boy wearing a pink shirt plays a sport with his teammates in a field. He is about to hit the ball with his stick.'], ['A man in a pink shirt and a man in a green shirt are playing field hockey.'], ['A young man wearing a green and white shirt and green socks is playing a field hockey game.'], ['A group of people are playing ball and one man is in pink, another is in white, another is in black, and another is in green.'], ['A man in green socks and a green and white shirt is playing a game with other people.']]"
<PIL.JpegImagePlugin.JpegImageFile image mode=RGB size=333x500 at 0x7885F0BAD700>,"[['A brown dog opens his mouth to catch a piece of food.'], ['A dog is about to catch a treat in his mouth.'], ['A brown dog is about to catch a treat.'], ['A dog opens its mouth to catch a treat'], ['The dog is catching a treat.']]","[['A brown dog wearing a collar is sitting on the floor looking up at something in the air.'], ['A brown dog wearing a yellow collar is trying to catch something in the air.'], ['A dog is looking at something in the air, with its mouth open.'], ['A brown dog is looking at a fireball in the air near its mouth.'], ['A dog with its mouth wide open in front of a gray wall.']]"
<PIL.JpegImagePlugin.JpegImageFile image mode=RGB size=500x375 at 0x7885F0BAD790>,"[['A group of dark-skinned, south Asian men sit with their backs against the walls of a room that contains multiple posters as well as a closed window.'], ['A group of middle eastern men are pictured seated in a building.'], ['A group of men sitting on the floor of a windowless room.'], ['A room filled with Indian en sitting against the walls.'], ['Several barefoot men sitting on the floor.']]","[['A group of men sit in a room with a blue tarp and wall chart on the wall.'], ['A man in a white shirt and white pants is sitting on the ground with a group of other men.'], ['Two men are sitting in front of a door, watching a group of men sitting in a circle on the ground.'], ['Two men are sitting in a room while one is looking at the camera and the other is looking away.'], ['A group of men are sitting on the floor on a blue tarp. One man is smiling at the camera.']]"
<PIL.JpegImagePlugin.JpegImageFile image mode=RGB size=500x333 at 0x7885F0BAD820>,"[['There are many young people climbing stairs with one guy in blue jeans and t-shrt looking back at the cameraman.'], ['A large group of people ascend a staircase leaving a room with oriental writing on the ceiling.'], ['A large Asian crowd walking up a flight of stairs.'], ['A large group of people are going up the stairs.'], ['Several people walk up steps with one another.']]","[['A man is walking through a crowd with a large stick in his hand.'], ['A man is walking away from the camera with a large bag on his back in an urban setting.'], ['A crowd of people under a roof, some of them are carrying bags.'], [""People walking through a crowded walkway at night. A woman is carrying a small girl's hand while they walk together.""], ['A crowd of people are standing in a marketplace and looking at something above them.']]"
<PIL.JpegImagePlugin.JpegImageFile image mode=RGB size=500x332 at 0x7885F0BAD8E0>,"[['A man is sitting with his head facing down, while other people are looking in his direction.'], ['A man appears to be cooking up some food for customers in the street.'], ['A man wearing a white shirt is cooking food on a small grill.'], ['Four men standing around a small grill preparing food.'], ['A food vendor prepares snacks for waiting customers.']]","[['A man in a white shirt and red collar peers into a small telescope while standing on a sidewalk, surrounded by a crowd of people.'], ['A man in a white shirt is looking through a binoculars while two other men stand nearby and watch him. One of the men is holding a skewer of meat.'], ['A man in a gray shirt is looking into a portable grill while two other men look on from behind him. The man is wearing a red bracelet on his right wrist.'], ['A man in a white shirt is looking into a telescope while a man in a blue and orange shirt and black sandals is looking at him from the right side of the picture.'], ['A man in a white shirt is looking into a box, while three people stand behind him, two of which are holding sticks with something at the end of them.']]"
<PIL.JpegImagePlugin.JpegImageFile image mode=RGB size=500x375 at 0x7885F0BAD970>,"[['Several people walking next to a concrete building with many archways'], ['These six people are walking outside a building with columns.'], ['A group of people are walking in single file at an exhibit.'], ['The five people are standing under three tan arches.'], ['Students are going to class at a university']]","[['A man and women walk down a rope lined hallway with a building on both sides of them.'], ['A group of people walk down the street with a man in a striped shirt leading the way.'], ['A woman in a denim skirt is standing in front of a building with arched columns.'], ['A man in a striped shirt walks past a woman in a purple shirt while holding a black backpack.'], ['A man and women in casual clothes are walking around a building.']]"
<PIL.JpegImagePlugin.JpegImageFile image mode=RGB size=419x500 at 0x7885F0BADA00>,"[['A dog is jumping over a series of colored gates.'], ['A black and white dog is jumping over a hurdle.'], ['A dog hurdles over a series of poles.'], ['A small black dog jumping over gates'], ['A dog jumping over a beam']]","[['A dog jumps over a pole in front of a chain link fence. There are people in the background.'], ['A dog is jumping over a blue and yellow pole in a field with a woman in the background.'], ['A black dog with white and brown paws jumps over a yellow and purple pole.'], ['A black dog is jumping over a pole in a competition.'], ['A black and white dog is jumping over a yellow and purple railings in a grassy area.']]"
<PIL.JpegImagePlugin.JpegImageFile image mode=RGB size=500x333 at 0x7885F0BADAC0>,"[['A family gathers for a nice meal in a comfortable home watching tv next to the fireplace.'], ['People are eating food while watching television.'], ['Four people sit down for dinner in a house.'], ['A family is dining and watching television.'], ['A family is having a meal together at home.']]","[['There are five people sitting at a table, eating and watching television in a living room with a fireplace. There are two men and three women sitting at the table, all of whom are eating food and watching television. One man is balding and wearing glasses, and is sitting to the right of a woman in a purple shirt. The other four people are facing him. In the background, there is a television on a stand with the words ""TOP BILL"" on it. The room is filled with many candles and flowers. There are also two sets of wooden chairs, and a fireplace in the corner of the room. The people are sitting'], ['A group of people eating a meal together at a table with a television in the background.'], ['A man and two women sit around a table and eat food while watching a movie on a TV. Two other men are seen from the back as they are sitting at a table with a white tablecloth, plates and wineglasses on it. The room is decorated with a fireplace, lamp, and plants. A window on the left side of the room has a view of a tree. The woman in the purple shirt is talking to a man in a black shirt with red stripes on the back of the sleeves, while the other woman in the gray shirt is looking at the man in a black shirt with red stripes on the back of the'], ['A man and three women are sitting at a table with plates of food in front of them while watching a movie on a TV.'], ['A group of people sit around a table with a white tablecloth and eat dinner with a TV on in the background.']]"
<PIL.JpegImagePlugin.JpegImageFile image mode=RGB size=333x500 at 0x7885F0BADB80>,"[[""A young woman, dressed in a red shirt and black skirt, is dancing with a young man, dressed in a white shirt with red pants, in front of a projector screen which is showing a picture from a children's film.""], ['A young man and young lady dancing on a carpeted floor with a picture from the movie Toy Story on a big screen in the background.'], ['A man and women are holding hands and dancing with many people in the background but they are not paying attention to them.'], ['A couple, wearing black, burgundy, and white, dance.'], ['Two people dancing, wearing dance costumes.']]","[['A woman in a red shirt and a man in a white shirt are dancing on a patterned floor in front of a group of people and a large cartoon painting.'], ['A woman and a man in a white shirt and red pants are holding hands and dancing on a patterned floor.'], [""A woman in a black skirt and a man in red pants and suspenders are dancing in front of a large wall of children's cartoons.""], [""A woman is standing next to a man and she's wearing a black skirt while he's wearing red overalls and a white shirt.""], ['A woman in a black skirt and a man in red suspenders are dancing in a public area.']]"
<PIL.JpegImagePlugin.JpegImageFile image mode=RGB size=500x332 at 0x7885F0BADC10>,"[['A sunny street with a red building, parked cars, and a man walking down the road.'], ['Old cobblestone street with cars parked on the sides.'], ['A city street with a lone man walking in the middle.'], ['A person is walking down a cobblestone street.'], ['A person walking by buildings and cars.']]","[['A man is walking down a street with cars parked along the side of the street.'], ['A man walks down a cobblestone road with cars parked along it.'], ['A man is walking down a cobblestone road between shops and a restaurant.'], [""A man walks down the street on a sunny day, passing by a red building and a McDonald's restaurant.""], ['A person is walking down the cobblestone street, surrounded by shops and cars.']]"
<PIL.JpegImagePlugin.JpegImageFile image mode=RGB size=500x375 at 0x7885F0BADCD0>,"[['A soccer game between a team with blue uniforms and red uniforms where the ref or a coach is talking to a player.'], ['A referee in an international soccer match discussing a recent foul with players from each team.'], ['A soccer team is standing on the field waiting for their time to make a move.'], ['During a soccer game two players in blue talk with a player in red'], ['Soccer players speaking with referee during a game.']]","[['A group of men are on a soccer field with a soccer ball and a crowd in the background.'], ['A soccer team is standing on the field, while a man is sitting in the background.'], ['A group of men are standing on a soccer field, looking up at something.'], ['A group of soccer players are on the field with one man in a blue uniform.'], ['Four men in red and blue uniforms stand on a soccer field with spectators in the background.']]"
<PIL.JpegImagePlugin.JpegImageFile image mode=RGB size=375x500 at 0x7885F0BADD60>,"[['A young blond woman is putting together a table while a young brunette is reading her the instructions.'], ['Two woman are on the ground setting up shot glasses on a table.'], ['A man and two women attempting to construct a grill.'], ['A group of people are hanging out outside.'], ['Two women work on a project outdoors.']]","[['A woman in a purple striped shirt is looking at a red object on a table while a man and a woman watch her from behind. The woman is holding a paper in her hand and the man is wearing a blue shirt with white stripes and black shorts.'], ['A man in a blue shirt and shorts and a woman in a purple striped sweater are outside in front of trees looking at a red table, while a man in a blue shirt and glasses stands behind them.'], ['A woman is sitting on the ground looking at something in her hand, while another woman sits behind her on the ground, while a man stands behind them looking at them. The women in the purple striped shirt is on the ground with her face close to a table, while the other woman behind her is looking at the paper in her hand.'], ['A woman and a young girl are sitting on the ground around a table with a red cup on it. They are outside with trees in the background. A man is standing behind them in the background. The woman and the girl are looking at something in the cup. The girl is holding a piece of paper. They are both wearing jeans and sneakers. The woman is wearing a purple and gray striped shirt and the girl is wearing a black shirt. They both have a happy look on their faces.'], [""['A woman with blond-hair and a purple and gray striped shirt, is sitting down and looking at something that a woman in a black shirt is holding.', 'A woman is sitting on the ground, looking at something a girl is holding up to her.', 'A woman with blond-hair sits down and examines a piece of paper on a small table.', 'A woman in a striped shirt is sitting on the ground examining a small table.', 'A woman in a purple striped shirt sits and looks at something on a table.']""]]"
<PIL.JpegImagePlugin.JpegImageFile image mode=RGB size=500x333 at 0x7885F0BADDF0>,"[['A man wearing black sweatpants, a white T-shirt, and sneakers leaps off a concrete roof toward a tall brick wall.'], ['A tall, athletic man leaps upward towards the top of a brick wall.'], ['A man taking a daring leap while practicing his parkour'], ['Man in a white shirt jumping toward a brick wall.'], ['Man jumping from lower roof to higher roof.']]","[['A man jumps through the air, near a brick building.'], ['A man in a white shirt jumping from one brick wall to another brick wall.'], ['A man is jumping in the air while holding a ladder.'], ['A man is climbing up a brick wall with a brick face.'], ['A man in a white shirt jumps in the air in front of a building with horizontal slats on the wall.']]"
<PIL.JpegImagePlugin.JpegImageFile image mode=RGB size=500x375 at 0x7885F0BADE80>,"[['An old man with arms outstretched sits against a wooden wall between a woman and another man.'], ['Old man with black shirt throws hands up while sitting next to white woman and white man.'], ['A gray-haired man is sitting down with his arm stretched out.'], ['An older man is opening his arms wide and looking perplexed.'], ['A man in a gray shirt holds his hands in the air.']]","[['A man wearing a black shirt and handcuffs is pointing his finger up in the air.'], ['An older man in a black shirt, is holding up his hand and wearing a bracelet on his arm.'], ['A man wearing a gray shirt is pointing with his hand, while a woman looks at him.'], ['A man in a gray shirt and handcuffs is pointing at someone.'], ['A man with his arm raised and his finger pointing to the right side of the picture.']]"
<PIL.JpegImagePlugin.JpegImageFile image mode=RGB size=375x500 at 0x7885F0BADF40>,"[['A white man in a white and black t-shirt, white khaki pants, and black shades is waving his arms and standing in front of a white fence of what looks like an Asian property with pointy roofs, a red flag on a tall pole, and pink flowers.'], ['A pale man wearing sunglasses with a white polo shirt and khaki pants, stands outside a white gate of a building, with Asian inspired architecture, his excitement is illustrated by his smile and outstretched arms.'], ['A man wearing a white shirt with a black stripe in khaki pants posing in front of a fence guarding a building and a red flag.'], ['Man in white shirt poses in front of white fence and large building.'], ['Man making a funny pose in front of an Asian building.']]","[['A man in a white and black shirt points at a building in the background while standing in front of a white fence.'], ['A man in a white shirt stands in front of a building with a red flag on top of it.'], ['A man in sunglasses, holding his hands out, stands in front of a large building.'], ['A man wearing sunglasses is standing in front of a building with a red flag flying from it.'], ['A man in sunglasses is standing in front of a white fence with his hands up. Behind him is a building with a red flag flying.']]"
<PIL.JpegImagePlugin.JpegImageFile image mode=RGB size=500x474 at 0x7885F0BADFD0>,"[['A guy with his hand on his chin, tattoos on both arms, and a gold bracelet on standing behind a food business counter.'], ['A man with several tattoos is working a restaurant stand.'], ['A male vendor waits for customers to order beer.'], ['A man with tattoos holds his chin and thinks.'], ['Man working at outdoors concession stand.']]","[['A man with a tattooed arm is sitting in a food stand, staring at something off-camera.'], ['A man with tattoos is sitting behind a counter at a food stand.'], ['A man with tattoos on his arm is sitting in a window with his hand under his chin.'], ['A man with a tattoo on his arm sits behind the counter of a beer stand and looks out.'], ['A man with tattoos on his arms is sitting on a counter with a beer in front of him.']]"
<PIL.JpegImagePlugin.JpegImageFile image mode=RGB size=375x500 at 0x7885F0BAE060>,"[['The baby seems fascinated with the pawn chess pieces on the chessboard.'], ['Toddler playing with chess pieces on a chessboard.'], ['A toddler is grasping pawns on a chessboard.'], ['The cute little baby is playing chess.'], ['A baby plays chess as a cat looks on.']]","[['A young boy is playing chess while another boy watches from a chair behind him.'], ['A young boy playing with a chess piece while a cat sits behind him in the background.'], ['A boy wearing a long-sleeved shirt is playing chess on a wooden chessboard.'], ['A young boy in a gray shirt plays with a chess piece on a chessboard.'], ['A little boy is sitting at a table with a chessboard on it, playing with a white piece.']]"
<PIL.JpegImagePlugin.JpegImageFile image mode=RGB size=334x500 at 0x7885F0BAE0F0>,"[['A man dressed in ceremonial clothing is dancing outside with people following him waving their hands.'], ['A group of people are being led in a dance by a man in traditional dress.'], ['A man in a white robe leading other people in a line dance of some sort.'], ['Girls dance behind a man wearing a white robe and turban.'], ['Guy performing and teaching Middle Eastern Dancing.']]","[['A man in a white robe is playing in the grass with his arms raised.'], ['A man in a long white robe dancing on the grass with a woman in jeans behind him.'], ['A man and woman are dancing in a grassy area with many other people behind them.'], ['A man in a white striped tunic is dancing in front of a crowd.'], ['A man in a white robe is dancing with people in the background.']]"
<PIL.JpegImagePlugin.JpegImageFile image mode=RGB size=500x333 at 0x7885F0BAE1B0>,"[['An Asian man attempting to repair a green bicycle outdoors while two other Asian men stand by.'], ['Two men observe as a third fixes a green bicycle in front of a building with glass doors.'], [""Three Chinese men trying to repair a child's green bicycle.""], ['Three men are working on a green bicycle.'], ['A few Japanese folk fix a bike.']]","[['Two men are talking while one man sits down on the steps in front of a blue building.'], ['Two men are sitting on a bench while one is doing a handstand on a green bike, while another man is looking at his cellphone.'], ['Two men are standing by a green bicycle while another man is sitting on a stool on the ground.'], ['A man doing a handstand on a green bike on a sidewalk while two other men look on.'], ['A man is sitting on a stool while two other men are standing and standing by a bicycle.']]"
<PIL.JpegImagePlugin.JpegImageFile image mode=RGB size=500x375 at 0x7885F0BAE240>,"[['A woman in a tan shirt is addressing a group of people in a restaurant.'], ['A group of people are at tables looking towards a speaker.'], ['A group of elderly people are meeting together in a room.'], ['A group of people are conversing with one another.'], ['People are gathered at a meeting.']]","[['A man stands in front of a group of people who are seated around tables and chairs in a building with a flag and a painting on the wall behind him.'], ['A man is giving a speech in front of a group of people at a table while a man in a brown shirt is talking at the podium.'], ['A group of people are gathered in a room with a man standing in front of them with a flag and a painting on the wall behind him.'], ['A group of people are in a room with a man holding a basket and a man with a red shirt standing in front of a desk.'], ['People sit at tables while a man in a red shirt and a woman in a black shirt are in the foreground of a room with white walls and wood paneling.']]"
<PIL.JpegImagePlugin.JpegImageFile image mode=RGB size=500x375 at 0x7885F0BAE2D0>,"[['Two individuals, one male and one unknown, playfully wrestle on a cement floor while five onlookers smile.'], ['A group stands and watches two men, apparently dressed in some sort of costume, wrestle on the ground.'], ['Two people are acting on a stage tackling each other as onlookers cheer and applaud.'], ['A woman tickling a man on the floor while five other people are laughing.'], ['Two people appear to fight while five others look on in the background.']]","[['A woman in blue jeans is being lifted up by another woman in a black shirt while onlookers watch from the background.'], ['A woman in a black shirt and jeans is being tackled by another person in a blue shirt and jeans in a dance floor. There are other people standing in the background watching the two people wrestle.'], ['Two men and three women are performing on a floor in front of a green wall.'], ['Two men and a woman play in a gym while other people look on from behind a net.'], ['Two people are fighting on the floor in front of a group of people in the background. One person is wearing a black shirt, and the other is wearing a blue shirt.']]"
<PIL.JpegImagePlugin.JpegImageFile image mode=RGB size=500x375 at 0x7885F0BAE360>,"[['An East Asian man in a black jacket and a woman in a salmon-colored jacket are looking at goods in an Asian grocery store.'], ['A man and woman are looking at something inside a market filled with many foods.'], ['A man and a woman examine the wares of fresh produce at a grocery store.'], ['Lady in red jacket, man in black jacket in open market.'], ['An Asian man and woman in a produce market.']]","[['A man and woman are looking at an assortment of food and supplies for sale at a market.'], ['A man and a woman are at a market with several items to buy and sell.'], ['Two people looking at some colorful foods on a market table in a building.'], ['A man and a woman are in an indoor market surrounded by food and food items for sale. The man is wearing a red hat and the woman is wearing a pink sweater.'], ['Two women are standing in a market surrounded by baskets of nuts and vegetables.']]"
<PIL.JpegImagePlugin.JpegImageFile image mode=RGB size=375x500 at 0x7885F0BAE3F0>,"[['A little girl holding 2 cages one of them is being held closeup to the camera she appears to be at the entrance of a store.'], ['A little girl wearing sandals and white clothes holds up a small wooden cage hanging by a string.'], ['A small girl holding a colorful yellow and orange box by a string.'], ['A young girl in a white outfit and flip-flops is holding two cages'], ['A thin young girl with two small wooden cages, one in each hand.']]","[['A little girl holding up a bird cage looking very sad.'], ['A woman in a white t-shirt is holding up a fish trap while looking down at the ground.'], ['A little girl is standing on a tile floor holding up a birdcage type structure.'], ['A woman with a basket is holding a red and green basket up in her hand.'], ['A young girl holding up a basket as she looks at the ground while standing on a tiled floor.']]"
<PIL.JpegImagePlugin.JpegImageFile image mode=RGB size=500x500 at 0x7885F0BAE480>,"[['A modern dancer is holding a pose in the foreground and another dancer is in the background.'], ['A man in a woman in dance outfits are performing stretching maneuvers on a stage.'], ['Two classical dancers, a man and a woman, performing on stage.'], ['A female contortionist practices her solo performance on stage.'], ['A lady and a man are on stage dancing with flexibility.']]","[['A young girl is balancing on one leg while holding her other foot in the air with a dark background behind her.'], ['A young girl stands on one leg, with her foot behind her head, on a stage with another person behind her.'], ['Two people are on a stage one is dancing and one is standing still. The dancer is holding up her leg.'], ['A young woman in a short dress is standing in a ballet pose on stage.'], ['A woman in a green dress is standing on one leg with her arms raised in the air.']]"
<PIL.JpegImagePlugin.JpegImageFile image mode=RGB size=500x484 at 0x7885F0D5BAD0>,"[['A woman in skirt, torn stockings and combat boots and a man in aviators and batman tank top walk down a city street.'], ['A man and woman dressed in punk rock style clothing are seen crossing the street during the daytime.'], ['Two hipsters strolling down the street with ridiculous looking clothes on.'], ['A man and a woman dressed in punk clothing walking down the street.'], ['Two colorfully dressed people walk down a sidewalk into the camera.']]","[['A man in a Batman shirt and woman with pink hair are walking on the street.'], ['A man and woman in punk clothing walk down the street together.'], ['A young man in a black batman shirt is being walked by a woman in a green tank top and black tights.'], ['A man and a woman are walking down the street in urban clothes and fishnet stockings.'], ['A man in a Batman shirt and a woman in a green tank top walk down the street.']]"
<PIL.JpegImagePlugin.JpegImageFile image mode=RGB size=333x500 at 0x7885F0BAE5A0>,"[['A family in an African village sits outside of their home on the ground.'], ['A group of indigenous people relaxing outside of their hut.'], ['Numerous people sitting on the ground near a straw hut.'], ['Multiple people are sitting in outside of a hut.'], ['Several African women sit in front of a hut.']]","[['A group of women and children sitting outside a small hut made of wood and hay.'], ['A group of people sit around a hut made of sticks and dried leaves.'], ['People sitting on the ground in front of a hut made of sticks and hay.'], ['A group of people are sitting in front of a hut made of straw and sticks.'], ['A group of women and children sitting in front of a hut made of hay and sticks.']]"
<PIL.JpegImagePlugin.JpegImageFile image mode=RGB size=353x500 at 0x7885F0BAE630>,"[['A little girl in a pink and white ski suit and red helmet skies sideways on the snow covered slope.'], ['Young skier in a pink ski-suit is on the side of a snowy hill'], ['Person in pink skis wearing skis on a slope.'], ['Child in pink and white skiing down a slope.'], ['Little girl skis on slope.']]","[['A girl wearing pink pants and a white jacket is skiing down a hill on a sunny day.'], ['A child in a pink snowsuit is skiing on a snow-covered hill against a blue sky.'], ['A young girl in pink snow gear skis down a snowy hill.'], ['A girl is skiing on a white hill on a clear day. She is wearing pink pants and a helmet.'], ['A skier wearing pink pants and a white jacket skiing down a slope.']]"
<PIL.JpegImagePlugin.JpegImageFile image mode=RGB size=366x500 at 0x7885F0BAE6C0>,"[['A man is standing with his arms spread wide and an open vest exposing his chest.'], ['A man who is dressed like a wrestler walks while people take his picture.'], ['A shirtless man wearing a vest walks on a stage with his arms up.'], ['A man wearing a vest and pants walks across stage at a concert.'], ['A man in a black vest walks on a rail.']]","[['A man with a black cape and black and teal pants is standing on stage with his arm raised while a crowd looks on.'], ['A man with no shirt on is holding a ball and is surrounded by a crowd of people. There are lights in the background and there are people in front of him.'], ['A man in a wrestling outfit is standing on a platform while throwing a ball up in the air.'], ['A man wearing a black jacket and blue shorts is standing on a stage in front of a large screen while holding up his left hand.'], [""A man in a black jacket is holding up his hand as he stands on a stage. He's wearing blue and black pants with a white stripe down the side. The background is a screen with red and purple lights on it.""]]"
<PIL.JpegImagePlugin.JpegImageFile image mode=RGB size=500x450 at 0x7885F0BAE750>,"[['A man with dreadlocks wearing a blue shirt poses with his arm around a drag queen who has post-it notes in her hair.'], ['A man in a blue shirt has his arm over a woman wearing flower sunglasses and an orange outfit.'], ['A man with dreadlocks poses with an oddly dressed woman (drag queen?) in a city.'], ['Cross-dresser, with condoms in his hair, posing with a friend.'], ['A woman in a costume wearing condoms in her hair.']]","[['The two men are wearing blue and are standing in front of a sign that says ""Diner"".'], ['A man and woman standing in front of a restaurant are both wearing blue clothing and headsets.'], ['A man in a blue shirt and a woman in a flower dress standing in front of a building.'], ['Two people are standing in front of a restaurant with one person wearing a flower on their chest.'], ['A man and a woman are posing for a photo while the woman is wearing a strange outfit.']]"
<PIL.JpegImagePlugin.JpegImageFile image mode=RGB size=500x420 at 0x7885F0BAE7E0>,"[['A man in a blue and white hat and a red and white shirt sets up a small table with glassware before him and a shadow on a streetlight is seen on the gray wall behind him.'], ['A man in a red shirt and a blue hat is sitting on a sidewalk and touching drinking glasses.'], ['A Latin American street vendor sets up a table selling glass ware in an inner city setting.'], ['A man wearing a hat sitting on a stool playing water glasses in the street.'], ['A man sitting on a stool selling something.']]","[['A man in a red shirt and a bucket hat is sitting on a stool near a wall with a shadow on it.'], ['A man is sitting on a chair on the sidewalk next to a police car, playing with a large dog.'], ['A person wearing a red shirt and a blue hat is sitting down by a street light and holding something in their hand.'], ['A man wearing a red shirt and blue hat is playing a musical instrument on the sidewalk.'], ['A man in a red shirt and blue shorts is standing next to a streetlight with his shadow on the wall behind him.']]"
<PIL.JpegImagePlugin.JpegImageFile image mode=RGB size=500x333 at 0x7885F0BAE8A0>,"[['Two men in red performance one-piece-suits, performing what looks like gymnastics feats in front of an audience, outside.'], ['Two muscular men in red doing performance art on a black mat on grass with an audience in the background.'], ['The crowd is enjoying watching the circus performers do their routine.'], ['Two men wearing red suits perform in front of crowd.'], ['A big crowd is watching some kind of a game.']]","[['A man in a red and black outfit kicks a man in a red and black outfit in front of a large crowd.'], ['A man in a red shirt is doing a back flip in front of a crowd of people.'], ['A man in red is performing a trick in front of a crowd.'], ['A man in a red shirt and shorts, performing a trick in front of a crowd of onlookers.'], ['A group of men in red outfits are doing tricks in front of a crowd of people in a park.']]"
<PIL.JpegImagePlugin.JpegImageFile image mode=RGB size=500x375 at 0x7885F0BAE930>,"[['A cat observing two little rabbits in a box of hay inside an wire enclosure, while a woman in a white sweater looks on.'], ['A woman sits in a caged in area with a cat and two bunnies.'], ['A woman watching over her two bunnies and curious cat.'], ['An old woman watches a cat investigates two rabbits.'], ['A cat looking after the rabbits in a cage.']]","[['A woman is sitting with her white and brown cat and two white bunnies in a cage.'], ['An older woman is sitting on the floor of a cage with two rabbits and a cat.'], ['A woman is sitting down next to a small animal and a blue container of grass.'], ['A woman in a white sweater is petting a brown and black cat and a white and brown cat in a cage with grass in a blue container.'], ['A woman in a white sweater is feeding two white and brown rabbits.']]"
<PIL.JpegImagePlugin.JpegImageFile image mode=RGB size=500x375 at 0x7885F0BAE9C0>,"[['Two men sparring on a field with one man grabbing the wrist of the other while several people watch on a green lawn with a yellow house and several cars in the background.'], ['Men in black martial arts outfits practice their tan art in the grass in front of a tan building with a red roof.'], ['The students of Martial Arts class practicing outside near the studio'], ['Martial arts students practice outside building.'], ['Some men are learning martial art.']]","[['A group of people in karate attire training on a grassy field.'], ['A group of people wearing black uniforms are standing in a grassy area in front of a yellow building with cars in the background, two of the men are holding another person up in the air.'], ['A group of people are gathered around a woman wearing a black uniform and hat, who is fighting another person who is wearing the same black uniform.'], ['A woman in a black uniform is holding three cats while several others look on in a grassy area with cars in the background.'], ['A woman in black is standing on a lawn holding three black cats in her arms, with people watching her.']]"
<PIL.JpegImagePlugin.JpegImageFile image mode=RGB size=500x333 at 0x7885F0BAEA50>,"[['A large group of people walks beneath an arc made of balloons in a grassy clearing.'], ['Some people holding balloons are walking across some grass.'], ['A lot of people are on the street holding balloons.'], ['Individuals with balloons participating in a walk.'], ['A charity walk happening with balloons.']]","[['A crowd of people are gathered outside in front of a pink and blue balloon arch.'], ['A group of people are standing in front of a balloon archway at a party.'], ['A crowd of people at an outdoor event are gathered around a large arch of balloons.'], ['A group of people are gathered in front of an archway of balloons outside a building.'], ['A group of people are gathered in a field next to a large arch made of balloons.']]"
<PIL.JpegImagePlugin.JpegImageFile image mode=RGB size=500x375 at 0x7885F0BAEAE0>,"[['A man in a black and blue checkered hooded sweater is looking at a Levi\'s advertisement that says, ""We Are All Workers.""'], ['A young man in a striped hoodie looks at an artistic Levi\'s advertisement that says ""We are all workers.""'], [""People gather in front of a advertisement for Levi's with the words 'we are all workers'.""], ['A levis jeans ad reads ""we are all workers"" in a block-like climbable display.'], ['Two men are looking at a advertisement for Levis.']]","[['A man in a black jacket stands in front of a sign that says ""We are all workers"" while other people look on.'], ['A man in a black and blue striped jacket is standing in front of a white sign that says ""We Are All Workers"".'], ['A man wearing a blue striped shirt is standing in front of a white sign with the words ""WE ARE ALL WORKERS"".'], [""A man in a black and blue striped shirt is walking towards a large sign that says 'we are all workers'.""], ['A man in a striped jacket stands in front of a sign that says, ""We are all workers.""']]"
<PIL.JpegImagePlugin.JpegImageFile image mode=RGB size=416x500 at 0x7885F0BAEBA0>,"[['An older man in a light green shirt and dark green pants holds the hand of an older woman as they pass an outside eatery with teal umbrellas.'], ['The old couple is walking past a colorful outdoor cafe.'], ['An older couple walks arm in arm past some shops.'], ['Two old people strolling the street.'], ['A couple walking down a street.']]","[[""A man and a woman are walking on the street in front of a bar and a shop called 'Lucky Night Shop'.""], ['A man in a white jacket and a woman in a pink jacket are walking down a sidewalk in front of a restaurant. The man is carrying a bag and the woman is holding a cane. There are teal chairs and umbrellas behind them and a person pushing a stroller to their right.'], ['A man in a green shirt and a woman in a pink coat are walking on the sidewalk with blue chairs behind them. There are also two people pushing a stroller in the background.'], ['A man in a green shirt and a pink jacket walks down a sidewalk with a woman in a pink jacket and a cane.'], ['A man in a green shirt and a woman in a pink jacket are walking down the street together.']]"
<PIL.JpegImagePlugin.JpegImageFile image mode=RGB size=500x333 at 0x7885F0BAEC60>,"[['A brown and white dog walks down a ramp toward a pool of water in which a green tennis ball floats.'], ['A brown and white dog is looking at a tennis ball floating in a pool.'], ['A brown and white dog looking into a pool at a tennis ball.'], ['A dog descends a ramp into the pool to get a tennis ball.'], ['A dog looking at a tennis ball floating in a pool.']]","[['A dog is playing in a pool with a yellow ball floating in it.'], ['A brown and white dog stands on the edge of a diving board next to a pool.'], ['A dog with a ball in the pool with a metal platform beside the pool.'], ['A dog stands on the edge of a pool while another person swims in the pool with a ball in their hand.'], ['A dog is standing on the side of a pool, watching a ball that is floating in the water.']]"
<PIL.JpegImagePlugin.JpegImageFile image mode=RGB size=500x375 at 0x7885F0BAECF0>,"[['A man in a white tank top stands next to a rack of colorful clothes in a grassy field filled with vendors.'], ['There are many families selling various wares, including clothes, in a park.'], ['An outdoor flea market with a variety of items being sold.'], ['A man sells clothing at an open market.'], ['Clothes swaying in the wind.']]","[['A man in white is looking at a rack of clothes at a flea market in the park.'], ['A man in a white tank top is holding a package of strawberries in a market setting.'], ['A man in a white tank top and khaki pants looks at a rack of clothes.'], ['A man in a white tank top is standing in front of a rack of colorful fabrics at a yard sale.'], ['A man in a white shirt and pants is standing next to a rack of colorful fabrics.']]"
<PIL.JpegImagePlugin.JpegImageFile image mode=RGB size=500x400 at 0x7885F0BAED80>,"[['A black and white dog with a blue toy in its mouth runs on a grassy surface just beyond a fence.'], ['A black dog is running pasts a wire mesh fence with a blue bone shaped toy in its mouth.'], ['A black dog is running with a blue bone in his mouth.'], ['A black dog running with a blue toy in his mouth.'], ['A dog is running with a blue bone in its mouth']]","[['A black dog runs with a blue toy in its mouth in front of a chain link fence.'], ['A black dog carrying a blue toy in its mouth is running in a grassy area near a fence.'], ['A dog with a blue ball in his mouth running through the grass beside a fence.'], ['A black dog with a blue toy in its mouth is running near a chain link fence.'], ['A dog with a blue toy in its mouth is running in the grass in front of a fence.']]"
<PIL.JpegImagePlugin.JpegImageFile image mode=RGB size=500x332 at 0x7885F0BAEE70>,"[['A woman in white shirt and purple headband is sitting and holding a pole with white a cloth.'], ['A woman wearing a white shirt and a red headband is sitting and holding on to a pole.'], ['A woman in a white shirt, with a red bandanna holding the end of a sign post.'], ['A woman with a redhead band and tan pants sitting on steps with child.'], ['Woman in white sitting down and looking into the distance.']]","[['Two people are sitting in front of a building. One is holding a white flag.'], ['A young woman holding a white flag in a red bandanna on her head.'], ['A girl in a red headband holds a white cloth in the air while on a stone wall.'], ['A young girl wearing a red headband is sitting on a wall holding a piece of fabric.'], ['A girl in a red bandanna holds up a piece of cloth while sitting on a wall.']]"
<PIL.JpegImagePlugin.JpegImageFile image mode=RGB size=500x375 at 0x7885F0BAEF30>,"[['A male with brown clothing standing on the side of the street with his thumb out with a big bag on his back.'], ['A young boy, arms outstretched, stands by a road where two cars are passing.'], ['A boy wearing brown hitchhiking on a road with cars passing by.'], ['A child standing next to a road with automobiles passing by.'], ['A young kid standing on a road with passing cars.']]","[['A boy is standing on a street pointing at a car driving by with a ball flying towards him.'], ['A boy is standing in the middle of a street and pointing at the car in front of him.'], ['A man in a pink and white shawl points to the cars in the road as he stands on the side of the road.'], ['A boy with a blanket is standing in the middle of the road holding something out in front of him.'], ['A boy in a brown shirt and pants is throwing a rock into a body of water from the side of the road.']]"
<PIL.JpegImagePlugin.JpegImageFile image mode=RGB size=334x500 at 0x7885F0BAEFC0>,"[['This photo shows a group of people walking and one man is holding a bottle of wine while handing a glass of wine to a woman walking near him.'], ['A man in a black shirt is walking down the street offering a glass of wine to a woman.'], ['A redheaded woman standing next to a man in a black jacket with a wine bottle.'], ['A man drinking in public, while making contact with a redheaded girl.'], ['Several people with white hats on with a black brim.']]","[['A woman with red-hair is walking in the street with a group of people behind her, while a man is holding a bottle in his hand.'], ['A man in a black jacket and white hat walks down the street with a group of people behind him. He has a bottle in his hand and is smiling.'], ['A man in a black shirt and white hat is holding a bottle of wine while walking down the street with a woman with red-hair and a black jacket.'], ['A man and a woman are walking down the street wearing white hats and black jackets. The woman is redheaded and has a black jacket and the man has a red backpack and is holding a bottle of wine. They are both smiling and have a bottle of wine.'], ['A woman in a black jacket and a man in a black jacket and blue jeans are walking down the street with a crowd behind them.']]"
<PIL.JpegImagePlugin.JpegImageFile image mode=RGB size=500x500 at 0x7885F0BAF050>,"[['An old woman with a purple shirt, and purple hair piece and a mud cup is walking the streets.'], ['A woman staring at the camera from behind sunglasses, holding a bag and coffee cup.'], ['Older woman in purple top with a purple flower in her hair.'], ['A woman is wearing a purple had with a large flower on it.'], ['Old lady carrying coffee down street.']]","[['A woman with a purple hat and purple shirt is walking down the street holding a coffee cup from Mud.'], ['A woman in a purple hat and purple shirt is carrying a cup of coffee and holding a bag.'], ['A woman in a purple shirt and sunglasses is holding an orange coffee cup in her right hand and a red bag in her left hand.'], ['A woman with a purple shirt and purple hat walks down the street with a cup in her hand.'], ['A woman in a purple shirt and purple hat walking with a coffee cup in her hand and a red bag in her other hand.']]"
<PIL.JpegImagePlugin.JpegImageFile image mode=RGB size=375x500 at 0x7885F0BAF110>,"[['Two men stand in hula grass skirts stand in the back of a truck at the top of a silver ramp.'], ['Two men in Hawaiian shirts and grass skirts are posing outside of a moving truck.'], ['Two men in hula skirts are standing at the top of a ramp in a truck.'], ['Two men are wearing hula skirts in the back of a moving truck.'], ['Two men dressed in hula skirts on the back of a moving truck.']]","[['Two men in Hawaiian costumes standing in the back of a moving truck.'], ['Two men in Hawaiian costumes are standing in the back of a moving truck.'], ['Two men in grass skirts and hawaiian shirts pose on a truck ramp.'], ['A man and woman in grass skirts and Hawaiian shirts pose for a picture at a luau party.'], ['Two men in grass skirts are posing for a picture on a truck ramp.']]"
<PIL.JpegImagePlugin.JpegImageFile image mode=RGB size=500x375 at 0x7885F0BAF1A0>,"[['Two older men in business attire are walking in a city, text graffiti is visible on the sidewalk.'], ['Two men walk along a busy city street with words printed on the sidewalk.'], ['Two elderly people walk down a city sidewalk by words written in chalk.'], ['Two people walk down a city street that has writing on it.'], ['Two men walk through a city with words on the street.']]","[['Two men are walking on a street that has words written on it. The man in the suit has his fingers on his chin while the man in the blue jacket is holding something to his mouth.'], [""Two men walking on a street with a piece of graffiti on it that says, 'I love you sex' written on it.""], ['Two men walking down the street, while one of them is holding something in his mouth.'], ['Two men are walking on a city street where a chalk message has been written on the sidewalk.'], ['Two men are walking in a city street with a chalk drawing on the ground.']]"
<PIL.JpegImagePlugin.JpegImageFile image mode=RGB size=500x375 at 0x7885F0BAF230>,"[['Two smiling little girls playing in a fountain with other people.'], ['Two young girls are running through shallow water at a pool.'], ['Two young girls run through a pool while water sprays them.'], ['Two girls running through pool while water sprays over them'], ['Two girls run through a sprinkler in a pool.']]","[['The kids are playing in a fountain at the park.'], ['Two little girls are playing in the water in front of a fountain.'], ['A girl running through water with a girl in a bathing suit, with water spraying behind them.'], ['Two girls are running through a pool of water while splashing water is spraying behind them.'], ['Two girls run in a large pool of water.']]"
<PIL.JpegImagePlugin.JpegImageFile image mode=RGB size=375x500 at 0x7885F0BA8230>,"[['A woman in glasses has her eyes wide open while she is at the dentist.'], ['Lady with a green mask at the dentist and she just look very unhappy.'], ['A person wearing glasses is prepped for some kind of dental work.'], ['This woman is having some sort of dental procedure done.'], ['A woman with glasses is undergoing a dental procedure.']]","[[""A young girl in glasses is sitting in the dentist's chair.""], ['A woman with glasses is looking into the camera while sitting in a dental chair.'], ['A woman in glasses is getting her teeth checked by the dentist.'], ['A woman in a dental chair with a mouth guard is looking at the camera.'], [""A woman with glasses on is looking at the camera while she's in a dental chair.""]]"
<PIL.JpegImagePlugin.JpegImageFile image mode=RGB size=500x375 at 0x7885F0BAB110>,"[['A man on skis on a snow-covered hill with mountains in the background'], ['A skier in red pants is on a snow covered slope.'], ['A person in red pants skis down a mountain.'], ['A man with red pants is skiing downhill.'], ['This person is skiing.']]","[['A woman in a red outfit and black backpack is skiing in the snow.'], ['A man in a brown jacket and red pants is skiing in a snowy mountain area.'], ['A skier dressed in pink is skiing down a mountain.'], ['A person in a pink snowsuit skis through the snow covered mountain.'], ['A skier is skiing down a slope while wearing a black backpack and red pants.']]"
<PIL.JpegImagePlugin.JpegImageFile image mode=RGB size=500x333 at 0x7885F0DC7380>,"[['A dark-haired drummer is playing his set with enthusiasm.'], ['A man in a gray shirt with crazy hair playing the drums.'], ['A guy in a black shirt is rocking on a set of drums.'], ['Man in gray shirt rocking out on the drums.'], ['A very excited drummer playing the drums.']]","[['A woman with a black shirt is looking at something and has her hair flying around her face. She is in front of a drum set and a guitar.'], ['A man with black hair is playing a drum set with his hair blowing in the wind.'], ['A woman with black hair and a dark shirt is holding a drum and looking at it with her mouth open wide. There are several drums and a guitar in the background.'], ['A man with a dark shirt is looking into a drum set while holding a snare drum and has his hair blowing in the air.'], ['A woman in a dark shirt is holding a drum in her hand and she has dark hair.']]"
<PIL.JpegImagePlugin.JpegImageFile image mode=RGB size=334x500 at 0x7885F0BAF380>,"[['A man wearing padded arm protection is being bitten by a German shepherd dog.'], ['A man wearing pads on his limbs is being bitten by a dog.'], ['A man in a safety suit training a police German Shepherd.'], ['A man with a quilted glove is bitten by a dog.'], ['A man trains a dog to attack.']]","[['A man in a white hat, black vest, black pants and black boots, is holding a large dog that is jumping at him, both are standing in front of a chain link fence. The man is holding a large bag and the dog has a leash on his arm. The man is wearing a white hat, vest, pants and boots and the dog is jumping and playing with the bag and leash. The ground is sandy and there are trees behind the man and dog. A large tree is behind a chain link fence and there is water behind that. A man is holding a dog and trying to control it. The dog is trying to'], ['A man in a white bandanna and a black vest is holding a dog by a leash and both are about to enter a chain link fence. The dog has a brown coat and is jumping into the air as the man holds it back.'], ['A man is riding a horse or jumping around with his dog in the background. The dog has a long leash.'], ['A man is walking up some steps while a dog runs up beside him.'], [""A man in a white hat and black pants is holding onto a dog while it jumps up. The dog's mouth is open and the man is holding a rope in his hand. There is a chain link fence behind them and a tree and sand in the background.""]]"
<PIL.JpegImagePlugin.JpegImageFile image mode=RGB size=369x500 at 0x7885F0BAF440>,"[['Three men in yellow hard hats, two women, and a young boy are standing on an elevated platform viewing something below.'], ['Several construction workers next to a rail, with a child dressed as a worker.'], ['Three men in hard hats, a couple, and a child look down upon something.'], ['A group of people, some in hard hats, are looking at something.'], ['A little boy in a construction outfit stands with his parents.']]","[['A boy in an orange hard hat is standing next to a metal railing, while four adults stand behind him in hard hats and reflective vests.'], ['A man wearing a yellow hard hat is standing on a balcony with other people, looking out at the trees in the distance.'], ['A young child in an orange hard hat is standing in front of a railing and is wearing an orange safety jacket while adults are watching him from behind him.'], ['A man in a yellow hard hat and safety vest holds a child in a construction outfit while they look over a bridge railing.'], [""A man in a red jacket and a child in an orange hard hat and coat are standing on a platform above a building that's under construction.""]]"
<PIL.JpegImagePlugin.JpegImageFile image mode=RGB size=500x375 at 0x7885F0BAF4D0>,"[['A blond girl is sitting drinking a soda and looking at a dolphin swimming in the background.'], ['A young girl sips from a drinking cup while gazing at a fish tank while a dolphin swims boy.'], ['A little girl at an aquarium sitting in front of a dolphin tank drinking something.'], ['A girl drinks from a straw while sitting near the glass of a dolphin enclosure.'], ['A girl drinking from a cup and enjoying the dolphin.']]","[['A woman drinking out of a cup and looking at an elephant in the background.'], ['A girl in a black shirt is drinking a drink while looking at a seal in the water.'], ['A girl is sipping a drink while sitting next to a large seal.'], ['A woman sips a drink while looking at a seal in the water.'], ['A woman is drinking a drink while watching a seal in the ocean.']]"
<PIL.JpegImagePlugin.JpegImageFile image mode=RGB size=333x500 at 0x7885F0BAF590>,"[['The Oklahoma football player watches the game from the sidelines.'], ['A man in a red football uniform and helmet looks to the left.'], ['A football player is in a red and white uniform Sooners #28.'], ['This football team wears red shirts and red helmets.'], ['A large football player in a red uniform']]","[['A football player wearing red and white number 28 jersey with the Sooners on his helmet.'], ['The football player is wearing his team uniform and has a red helmet on his head.'], ['A young man wearing a red football jersey with the number 28 on the back of it.'], ['A football player in a red jersey is walking in a group of other players.'], ['An Oklahoma football player is looking away from the camera while other players look on.']]"
<PIL.JpegImagePlugin.JpegImageFile image mode=RGB size=500x333 at 0x7885F0BAF620>,"[['A boy in a striped shirt with his arm stretched out is outside with a soccer ball.'], ['A young boy smiles while playing with a soccer ball.'], ['A little boy is playing and there is a soccer ball.'], ['A little boy with a soccer ball flying.'], ['Young boy throws a white soccer ball.']]","[['A little boy in a striped shirt is getting ready to kick a soccer ball.'], ['A little boy is about to catch a soccer ball with his hand. He is wearing a striped shirt and playing in a park.'], ['A boy wearing a striped shirt is playing with a soccer ball in a grassy area.'], ['A little boy is playing soccer in a park as a soccer ball approaches him. He is wearing a striped shirt.'], ['A little boy in a striped shirt is kicking a soccer ball at a park.']]"
<PIL.JpegImagePlugin.JpegImageFile image mode=RGB size=500x375 at 0x7885F0BAF6B0>,"[['A large amount of older people are sitting in a room full of tables talking with each other.'], ['A group of senior citizens are seated at round white tables as they wait for food.'], ['A room full of tables with elderly people sitting and standing around them.'], ['Many elderly people sit at tables with snow in the windows.'], ['A crowd of elderly men and woman socializing.']]","[['A group of people gathered in a room with many tables and windows.'], ['There is a group of older people at a table in a restaurant and a younger woman in a red jacket is talking to them.'], ['A group of older people sitting at tables with a man standing in the middle of them.'], ['A group of people are standing around tables and talking to each other.'], ['A group of people are gathered in a room with large windows. A man is holding a glass of wine in his hand.']]"
